Date,SPY,QQQ,TLT,GLD,NZDUSD,US10Y_YIELD_PCT
2015-01-02,169.68785095,94.56114197,92.28752899,114.08000183,0.77918029,2.12299991
2015-01-05,166.62327576,93.17405701,93.73722076,115.80000305,0.76657724,2.03900003
2015-01-06,165.05395508,91.92476654,95.42605591,117.12000275,0.77000076,1.96300006
2015-01-07,167.11073303,93.10977173,95.23764038,116.43000031,0.77477342,1.95400000
2015-01-08,170.07601929,94.89184570,93.97637939,115.94000244,0.77706110,2.01600003
2015-01-09,168.71315002,94.26719666,95.00569153,117.26000214,0.78131109,1.97099996
2015-01-12,167.39154053,93.28429413,95.54936218,118.55999756,0.78468299,1.91199994
2015-01-13,166.92076111,93.25672913,95.54936218,118.16000366,0.77651811,1.88999999
2015-01-14,165.91299438,92.74230194,96.27413940,117.97000122,0.77441335,1.83700001
2015-01-15,164.39311218,91.53894043,97.78912354,120.94000244,0.77136689,1.77499998
2015-01-16,166.54901123,92.61370087,96.54239655,122.51999664,0.78406769,1.81500006
2015-01-20,166.90419006,93.34857941,97.82530212,124.19999695,0.77585536,1.80700004
2015-01-21,167.74671936,93.82624817,96.69458771,124.23000336,0.76470137,1.85300004
2015-01-22,170.24124146,95.56243134,96.34664917,125.23000336,0.75728887,1.89600003
2015-01-23,169.30790710,95.77372742,97.68764496,124.23000336,0.75075072,1.81700003
2015-01-26,169.70440674,95.66348267,97.39042664,122.98999786,0.74189478,1.82799995
2015-01-27,167.46591187,93.18325043,97.54267883,124.40000153,0.74371564,1.82500005
2015-01-28,165.31823730,92.70555115,99.13731384,123.41999817,0.74543417,1.72399998
2015-01-29,166.84635925,93.59663391,98.48501587,120.76000214,0.73243970,1.75100005
2015-01-30,164.74827576,92.87090302,100.23181915,123.44999695,0.72827905,1.67499995
2015-02-02,166.78852844,93.67929077,99.85339355,122.41999817,0.72600549,1.67299998
2015-02-03,169.20050049,94.57952118,97.73985291,121.05000305,0.73019350,1.77999997
2015-02-04,168.55619812,94.49687195,97.90687561,121.58000183,0.73286915,1.79700005
2015-02-05,170.25779724,95.31441498,96.83198547,121.79000092,0.73599762,1.81500006
2015-02-06,169.78698730,94.73567200,95.11788940,118.63999939,0.74068588,1.93799996
2015-02-09,169.02702332,94.43254089,94.96531677,119.16999817,0.73502392,1.94799995
2015-02-10,170.82771301,95.90230560,94.20999908,118.47000122,0.74019247,1.99100006
2015-02-11,170.92686462,96.25138092,94.38427734,117.06999969,0.74189478,1.98800004
2015-02-12,172.57061768,97.37205505,94.07198334,117.33999634,0.73757190,1.98599994
2015-02-13,173.28100586,98.20801544,93.10594940,117.98000336,0.74332863,2.02099991
2015-02-17,173.55355835,98.29987335,91.70421600,116.01000214,0.74850303,2.14499998
2015-02-18,173.57009888,98.43766785,92.24897003,116.33999634,0.75392038,2.06599998
2015-02-19,173.44621277,98.92453766,91.63879395,115.94000244,0.75511587,2.11299992
2015-02-20,174.48703003,99.58592224,91.90757751,115.27999878,0.75193620,2.13299990
2015-02-23,174.46221924,99.68693542,92.96070099,115.43000031,0.75301206,2.05900002
2015-02-24,174.95783997,99.76045990,94.18099976,115.26000214,0.75312543,1.98800004
2015-02-25,174.80915833,99.51243591,94.58763123,115.69999695,0.74839097,1.96899998
2015-02-26,174.60263062,100.01763916,93.29480743,116.06999969,0.75711691,2.01600003
2015-02-27,174.00790405,99.57673645,94.07923889,116.16000366,0.75392038,2.00200009
2015-03-02,175.10652161,100.47697449,92.32684326,115.68000031,0.75488788,2.08400011
2015-03-03,174.38787842,100.00846863,91.99214935,115.47000122,0.75058174,2.12199998
2015-03-04,173.65270996,99.62268066,92.02123260,115.11000061,0.75625807,2.12299991
2015-03-05,173.84268188,99.79718781,91.90478516,115.00000000,0.75912857,2.11199999
2015-03-06,171.39772034,98.66731262,89.87444305,111.86000061,0.74900752,2.24000001
2015-03-09,172.10804749,98.95207977,90.70407104,111.97000122,0.73637700,2.19499993
2015-03-10,169.31617737,97.11485291,91.89752960,111.41999817,0.73410660,2.12599993
2015-03-11,168.91964722,96.55450439,92.56701660,110.75000000,0.72918189,2.10899997
2015-03-12,171.06730652,97.18836212,92.50151062,110.72000122,0.73067367,2.09599996
2015-03-13,170.01821899,96.76575470,92.21767426,110.87999725,0.74057621,2.11199999
2015-03-16,172.28982544,98.01511383,93.10554504,110.80999756,0.73190367,2.09800005
2015-03-17,171.77772522,98.17127991,93.87692261,110.20999908,0.73806185,2.05800009
2015-03-18,173.84268188,99.13579559,95.68900299,112.37000275,0.73158240,1.95099998
2015-03-19,173.04974365,99.28278351,95.20141602,112.29000092,0.75058174,1.97700000
2015-03-20,174.57714844,99.92541504,95.70353699,113.56999969,0.74321812,1.92999995
2015-03-23,174.23706055,99.73208618,95.58708954,114.29000092,0.75700229,1.91499996
2015-03-24,173.25799561,99.37301636,96.51130676,114.56999969,0.76552093,1.87800002
2015-03-25,170.71905518,97.09883881,95.69625092,114.73000336,0.76248574,1.91999996
2015-03-26,170.31256104,96.76737213,94.20440674,115.48000336,0.75849515,2.00699997
2015-03-27,170.70249939,97.15406799,95.37608337,115.05999756,0.75918621,1.94799995
2015-03-30,172.78507996,98.26814270,94.90303802,113.75000000,0.75471693,1.96300006
2015-03-31,171.27502441,97.22774506,95.10682678,113.66000366,0.75013131,1.93400002
2015-04-01,170.66926575,96.72135162,96.35602570,115.59999847,0.74454623,1.86800003
2015-04-02,171.28330994,96.78579712,95.33508301,115.27999878,0.74410301,1.90400004
2015-04-06,172.43658447,97.57762146,94.80268860,116.69000244,0.76167268,1.90400004
2015-04-07,171.98020935,97.41186523,95.59762573,116.11000061,0.75357950,1.89300001
2015-04-08,172.56103516,98.18529510,95.62674713,115.47000122,0.75075072,1.89499998
2015-04-09,173.32437134,98.80213928,94.38701630,114.66999817,0.75540113,1.95799994
2015-04-10,174.27024841,99.20727539,94.52559662,115.97000122,0.75763315,1.95099998
2015-04-13,173.48199463,98.95869446,94.65689087,115.13999939,0.75380677,1.93900001
2015-04-14,173.81385803,98.67327881,95.32773590,114.44000244,0.74621296,1.90400004
2015-04-15,174.59384155,99.29013824,95.24755096,115.43000031,0.75120193,1.89999998
2015-04-16,174.54399109,99.15203857,94.77352142,115.02999878,0.75895566,1.87800002
2015-04-17,172.53613281,97.60523987,95.86014557,115.59999847,0.76528662,1.85000002
2015-04-20,174.11250305,99.06918335,95.01416779,114.72000122,0.77053481,1.89499998
2015-04-21,173.90513611,99.49269867,94.58392334,115.37999725,0.76610738,1.91600001
2015-04-22,174.75975037,100.03591919,93.14002991,113.83000183,0.76722413,1.97200000
2015-04-23,175.19946289,100.41341400,93.54109955,114.66000366,0.76429224,1.94700003
2015-04-24,175.60600281,101.77607727,94.12448120,113.05000305,0.75797766,1.91700006
2015-04-27,174.87588501,101.51828003,94.12448120,115.33000183,0.76097709,1.92400002
2015-04-28,175.43182373,101.31574249,92.82642365,116.33000183,0.76289290,1.97300005
2015-04-29,174.70999146,100.68040466,91.68882751,115.51000214,0.77237970,2.03500009
2015-04-30,172.95927429,99.09678650,91.84922791,113.47000122,0.76057196,2.04600000
2015-05-01,174.83444214,100.40420532,90.61278534,113.08000183,0.76051408,2.11700010
2015-05-04,175.33222961,100.56993866,89.75783539,114.09999847,0.75261539,2.13499999
2015-05-05,173.32437134,98.93106079,89.63361359,114.41999817,0.75409096,2.17600012
2015-05-06,172.61080933,98.24974060,88.09906769,114.36000061,0.75007504,2.24000001
2015-05-07,173.29943848,98.83902740,89.28282166,113.41999817,0.74900752,2.18400002
2015-05-08,175.58111572,100.07273865,89.52397919,113.97000122,0.74432451,2.15000010
2015-05-11,174.74316406,99.68605804,87.34635925,113.52999878,0.74250078,2.27399993
2015-05-12,174.22042847,99.23490906,87.57289886,114.50000000,0.73443007,2.25999999
2015-05-13,174.25358582,99.43745422,86.87139893,116.55000305,0.74156469,2.28200006
2015-05-14,176.07070923,100.89222717,87.10524750,117.18000031,0.75340921,2.23900008
2015-05-15,176.26148987,100.89222717,88.85168457,117.52999878,0.74928820,2.14100003
2015-05-18,176.80908203,101.33412933,87.36100769,117.51999664,0.74576777,2.22799993
2015-05-19,176.75105286,101.22365570,86.58640289,115.88999939,0.73762631,2.26200008
2015-05-20,176.62663269,101.28808594,86.73249054,116.08000183,0.73610598,2.25099993
2015-05-21,177.14094543,101.81288910,87.94558716,115.69000244,0.73035347,2.18499994
2015-05-22,176.71784973,101.71160889,87.98211670,115.59999847,0.73529410,2.21499991
2015-05-26,174.81782532,100.54230499,89.48743439,113.91000366,0.73120797,2.13700008
2015-05-27,176.47720337,102.16278076,89.69204712,113.88999939,0.72479528,2.13499999
2015-05-28,176.27810669,101.93258667,89.47285461,114.01999664,0.72421783,2.13000011
2015-05-29,175.18286133,101.32493591,89.67018127,114.09999847,0.71833920,2.09500003
2015-06-01,175.53967285,101.66560364,88.70640564,114.00000000,0.70992476,2.19199991
2015-06-02,175.36546326,101.34335327,87.46880341,114.45999908,0.71042907,2.26600003
2015-06-03,175.83004761,101.64719391,86.06270599,113.63999939,0.71669173,2.36599994
2015-06-04,174.34487915,100.87376404,87.18316650,112.83999634,0.71520525,2.30699992
2015-06-05,174.04615784,100.63439941,86.12128448,112.23999786,0.71280921,2.40199995
2015-06-08,172.97584534,99.61239624,86.02608490,112.56999969,0.70487064,2.38100004
2015-06-09,172.95101929,99.44667816,85.34505463,112.81999969,0.71306330,2.41700006
2015-06-10,175.02528381,100.80931854,84.59808350,113.77999878,0.71459198,2.47799993
2015-06-11,175.58946228,100.95664215,86.37761688,113.26000214,0.70477128,2.38299990
2015-06-12,174.24533081,100.12799835,86.37761688,113.23000336,0.70160669,2.38499999
2015-06-15,173.49858093,99.63079071,86.51676178,113.73000336,0.69910514,2.35800004
2015-06-16,174.44442749,100.17404175,87.19781494,113.31999969,0.69998604,2.31800008
2015-06-17,174.72654724,100.45023346,86.52410126,113.84999847,0.69842154,2.30599999
2015-06-18,176.54360962,101.91417694,86.09936523,115.31999969,0.68898994,2.35100007
2015-06-19,175.75984192,101.41032410,87.20515442,115.12000275,0.69189787,2.26699996
2015-06-22,176.66035461,102.15781403,85.42560577,113.63999939,0.69022644,2.35999990
2015-06-23,176.78535461,102.24087524,84.91295624,112.88999939,0.68700188,2.40899992
2015-06-24,175.50140381,101.71484375,85.64528656,112.58999634,0.68671888,2.37100005
2015-06-25,174.96784973,101.51182556,85.34505463,112.44000244,0.68903738,2.39299989
2015-06-26,174.93446350,100.83817291,84.38569641,112.55999756,0.68875265,2.47600007
2015-06-29,171.26608276,98.45726776,86.61930084,113.06999969,0.68231440,2.33100009
2015-06-30,171.62455750,98.80794525,86.01876068,112.37000275,0.68390095,2.33500004
2015-07-01,173.00021362,99.59233093,84.85768127,111.98000336,0.67870229,2.41799998
2015-07-02,172.84178162,99.62001801,85.13659668,111.76000214,0.67132121,2.39299989
2015-07-06,172.34989929,99.38931274,86.71458435,112.05999756,0.66818118,2.27800012
2015-07-07,173.43377686,99.63847351,87.52918243,110.76000214,0.66751218,2.23099995
2015-07-08,170.52400208,97.90354919,88.28515625,111.08999634,0.66671109,2.20600009
2015-07-09,170.83253479,97.84819031,86.54573822,111.36000061,0.67159170,2.30100012
2015-07-10,172.98350525,99.34317780,85.17328644,111.48999786,0.67480940,2.41700006
2015-07-13,174.89277649,101.08732605,84.90904999,110.98999786,0.67150146,2.43000007
2015-07-14,175.65148926,101.75178528,85.18796539,110.73999786,0.66849387,2.39899993
2015-07-15,175.59317017,101.86251831,86.09070587,110.16000366,0.67037606,2.34999990
2015-07-16,177.00215149,103.30213928,86.68518066,109.76000214,0.65750539,2.35200000
2015-07-17,177.15222168,104.82482147,87.13288879,108.65000153,0.65248597,2.34899998
2015-07-20,177.24392700,105.18473053,86.76590729,105.69999695,0.65172052,2.37199998
2015-07-21,176.54359436,105.12010956,87.23564148,105.37000275,0.65824121,2.33999991
2015-07-22,176.22676086,103.92964172,87.77876282,104.80000305,0.66291016,2.32200003
2015-07-23,175.23466492,103.54209137,88.87231445,104.33000183,0.66299808,2.27699995
2015-07-24,173.41706848,102.52694702,89.09249115,105.34999847,0.66190100,2.27099991
2015-07-27,172.40826416,101.67795563,89.56953430,104.86000061,0.65798134,2.22799993
2015-07-28,174.52598572,102.55461121,88.91632843,105.01999664,0.66269052,2.25000000
2015-07-29,175.72654724,102.94222260,88.58610535,105.16999817,0.67141128,2.27900004
2015-07-30,175.76824951,103.43133545,89.26866913,104.26999664,0.66551316,2.26799989
2015-07-31,175.50140381,103.31134796,89.92916870,104.93000031,0.66080755,2.20499992
2015-08-03,174.90948486,102.98837280,90.87583923,104.09999847,0.65828454,2.15000010
2015-08-04,174.56762695,102.79457855,90.15501404,104.30999756,0.65690076,2.21099997
2015-08-05,175.14292908,103.58821869,89.47828674,103.93000031,0.65376568,2.26799989
2015-08-06,173.70889282,101.92711639,90.27266693,104.38999939,0.65265632,2.23399997
2015-08-07,173.37538147,101.79791260,91.45691681,104.65000153,0.65440744,2.17499995
2015-08-10,175.55982971,102.96067810,90.32415771,105.72000122,0.66111332,2.23799992
2015-08-11,173.97570801,101.64102173,91.75845337,106.26000214,0.66141945,2.13700008
2015-08-12,174.18414307,101.99172211,91.25832367,107.75000000,0.65539390,2.13000011
2015-08-13,173.96733093,101.82557678,90.96409607,106.86000061,0.66120070,2.18899989
2015-08-14,174.60099792,101.98247528,91.17738342,106.84999847,0.65599579,2.19600010
2015-08-17,175.57644653,102.83146667,91.58927917,107.12999725,0.65419340,2.15000010
2015-08-18,175.06788635,102.30547333,90.86849213,107.11000061,0.65811121,2.19600010
2015-08-19,173.68388367,101.63179016,91.76584625,108.55000305,0.65889174,2.12899995
2015-08-20,170.05715942,98.81713104,92.69260406,110.44000244,0.66019672,2.08400011
2015-08-21,164.93795776,94.49830627,92.97209930,111.12999725,0.66233939,2.05399990
2015-08-24,157.99296570,90.86234283,92.94268036,110.52999878,0.66277838,1.99699998
2015-08-25,156.13372803,90.52088165,91.44955444,109.16000366,0.64612001,2.13299990
2015-08-26,162.12832642,95.07965851,89.68427277,107.66999817,0.64699793,2.17199993
2015-08-27,166.13859558,97.48827362,89.73573303,107.73000336,0.64470375,2.16799998
2015-08-28,166.14691162,97.46977997,90.00052643,108.69999695,0.64779425,2.18600011
2015-08-31,164.80455017,96.26090240,89.30915070,108.81999969,0.64628708,2.20000005
2015-09-01,159.88558960,93.25247192,89.95265198,109.19999695,0.63528365,2.17199993
2015-09-02,162.92028809,95.88252258,89.17864227,108.62000275,0.63191152,2.19300008
2015-09-03,163.03707886,95.41188812,89.61357880,107.83999634,0.63698322,2.16799998
2015-09-04,160.56922913,94.27680206,90.43177795,107.48999786,0.63926357,2.12800002
2015-09-08,164.60450745,96.93456268,89.09757233,107.51999664,0.62739193,2.19400001
2015-09-09,162.40342712,95.84561920,89.52516174,106.12999725,0.63759243,2.18099999
2015-09-10,163.28718567,96.88842010,88.92068481,106.37999725,0.62668419,2.22199988
2015-09-11,164.02917480,97.42367554,89.48089600,106.16000366,0.63099444,2.18300009
2015-09-14,163.42057800,97.12836456,89.62093353,106.22000122,0.63231105,2.18000007
2015-09-15,165.46324158,98.27271271,87.90337372,105.90000153,0.63411540,2.28099990
2015-09-16,166.89733887,98.82638550,87.57170868,107.30999756,0.63479972,2.30299997
2015-09-17,166.52207947,98.86328125,88.64051819,108.41000366,0.63536441,2.21700001
2015-09-18,163.80085754,97.45717621,90.00422668,109.20999908,0.63751113,2.13000011
2015-09-21,164.64730835,97.76246643,88.53736877,108.52999878,0.63848805,2.21399999
2015-09-22,162.51023865,96.30082703,89.76837158,107.79000092,0.63291138,2.12500000
2015-09-23,162.25041199,96.37483978,89.76097107,108.22000122,0.62889123,2.14400005
2015-09-24,161.66380310,96.02330017,90.37278748,110.48999786,0.62782520,2.11999989
2015-09-25,161.62188721,95.20922089,89.59143066,109.80999756,0.63271117,2.16799998
2015-09-28,157.56562805,92.49874115,91.12467957,108.41999817,0.63751113,2.09500003
2015-09-29,157.65776062,92.01769257,91.38269806,107.98000336,0.63079542,2.05399990
2015-09-30,160.59944153,94.13613892,91.06572723,106.86000061,0.63540477,2.05999994
2015-10-01,161.01844788,94.56166077,91.45424652,106.73000336,0.63889599,2.04200006
2015-10-02,163.42370605,96.21758270,92.00828552,108.98999786,0.63999999,1.98899996
2015-10-05,166.33184814,97.59595490,90.75991058,108.76999664,0.64520288,2.05599999
2015-10-06,165.76194763,97.13339233,91.15142822,109.86000061,0.64939284,2.03500009
2015-10-07,167.11964417,97.71621704,90.84854889,109.69999695,0.65440744,2.06200004
2015-10-08,168.62817383,98.10472870,90.08771515,109.13999939,0.66058922,2.10800004
2015-10-09,168.72871399,98.54875183,90.32408142,110.87000275,0.66680002,2.09899998
2015-10-12,168.88795471,98.78930664,91.01108551,111.30999756,0.66818118,2.08999991
2015-10-13,167.82360840,98.15097046,91.16622162,111.86000061,0.67033118,2.05500007
2015-10-14,167.01907349,97.99372864,91.96395111,113.80999756,0.66489363,1.98099995
2015-10-15,169.58354187,99.60336304,91.51335144,113.29000092,0.68041098,2.02300000
2015-10-16,170.35459900,100.01965332,91.54291534,112.48999786,0.68371391,2.02300000
2015-10-19,170.43836975,100.59319305,91.29175568,112.01999664,0.67990208,2.02800012
2015-10-20,170.22050476,100.07514191,90.73035431,112.73000336,0.68059617,2.07100010
2015-10-21,169.16448975,99.46459198,91.63150787,111.73000336,0.67512828,2.02999997
2015-10-22,172.02236938,101.49053955,91.78667450,111.69000244,0.67254019,2.02500010
2015-10-23,173.90795898,104.33051300,91.00366974,111.50000000,0.67990208,2.08299994
2015-10-26,173.48051453,104.39528656,91.60938263,111.43000031,0.67494601,2.05800009
2015-10-27,173.14535522,104.60807037,91.83833313,111.68000031,0.67851812,2.02800012
2015-10-28,175.11480713,105.47757721,91.46902466,110.77999878,0.67727733,2.09200001
2015-10-29,175.01420593,105.31111145,90.01386261,109.72000122,0.66880685,2.17300010
2015-10-30,174.25999451,104.83928680,90.69343567,109.30000305,0.67060089,2.15100002
2015-11-02,176.32165527,106.02342224,90.27666473,108.58999634,0.67718565,2.18700004
2015-11-03,176.83285522,106.39344025,89.53637695,106.98000336,0.67581266,2.22000003
2015-11-04,176.29650879,106.40267944,89.64006042,105.97000122,0.66640013,2.23000002
2015-11-05,176.12048340,106.11595154,89.40313721,105.63999939,0.65950012,2.24499989
2015-11-06,176.02833557,106.18993378,88.09285736,104.09999847,0.66098225,2.33299994
2015-11-09,174.38574219,105.06132507,87.59684753,104.40000153,0.65368021,2.34200001
2015-11-10,174.78791809,104.79305267,87.85594177,104.18000031,0.65389395,2.32200003
2015-11-11,174.10075378,104.66351318,87.67087555,103.83000183,0.65522212,2.33800006
2015-11-12,171.67033386,103.64595795,88.09285736,103.84999847,0.65552276,2.31900001
2015-11-13,169.74275208,101.61078644,88.59623718,103.55999756,0.65479308,2.27999997
2015-11-16,172.32400513,103.07244110,88.51480103,103.70999908,0.65329587,2.27300000
2015-11-17,172.19836426,103.13718414,88.66290283,102.33999634,0.64850843,2.26099992
2015-11-18,174.93045044,105.11683655,88.84790039,102.43000031,0.64800411,2.26900005
2015-11-19,174.77958679,105.19084930,89.44010925,103.55999756,0.64918202,2.24799991
2015-11-20,175.41653442,105.90318298,89.16625214,103.08999634,0.65586668,2.26200008
2015-11-23,175.21539307,105.59787750,89.44010925,102.26000214,0.65475023,2.25000000
2015-11-24,175.44999695,105.50538635,89.43273163,102.94000244,0.65121126,2.24300003
2015-11-25,175.42488098,105.59787750,89.64006042,102.45999908,0.65599579,2.23200011
2015-11-27,175.62606812,105.74589539,89.55120850,101.25000000,0.65759188,2.22499990
2015-11-30,174.89692688,105.47757721,89.90652466,101.91999817,0.65269893,2.21799994
2015-12-01,176.56463623,106.53221893,91.12092590,102.27999878,0.65997887,2.15499997
2015-12-02,174.76280212,105.87540436,91.15061951,100.69000244,0.66728950,2.17799997
2015-12-03,172.31564331,104.08074951,88.67280579,101.76000214,0.66431940,2.32999992
2015-12-04,175.67626953,106.51371002,89.45178986,104.01999664,0.66751218,2.27500010
2015-12-07,174.61196899,106.03263855,90.31970978,102.66999817,0.67290223,2.22499990
2015-12-08,173.43867493,106.04193878,90.36425781,102.83999634,0.66401058,2.23799992
2015-12-09,172.08932495,104.43228149,90.26781464,102.63999939,0.66379023,2.20799994
2015-12-10,172.53353882,104.90408325,90.38647461,102.55000305,0.67272115,2.23900008
2015-12-11,169.18963623,102.48962402,91.81086731,103.11000061,0.67631543,2.13899994
2015-12-14,170.04446411,103.26667786,90.62389374,101.79000092,0.67190754,2.22499990
2015-12-15,171.82963562,103.89572144,90.08974457,101.51999664,0.67851812,2.26799989
2015-12-16,174.34379578,105.44062042,89.89693451,102.75000000,0.67709392,2.28699994
2015-12-17,171.68716431,103.90498352,90.91322327,100.50000000,0.67663574,2.23799992
2015-12-18,168.62847900,101.91184998,91.41764832,102.04000092,0.67019635,2.19899988
2015-12-21,170.01957703,103.04389954,91.39540863,103.15000153,0.67281169,2.19700003
2015-12-22,171.56231689,103.72124481,90.73515320,102.61000061,0.67759860,2.23900008
2015-12-23,173.68682861,104.49140930,90.05267334,102.30999756,0.68092060,2.26399994
2015-12-24,173.40020752,104.47286987,90.56860352,103.05000305,0.67907101,2.24300003
2015-12-28,173.00402832,104.41718292,90.83618164,102.26999664,0.68432218,2.22499990
2015-12-29,174.85028076,106.05960846,89.32710266,102.19999695,0.68558890,2.30699992
2015-12-30,173.61097717,105.10383606,89.23789978,101.41999817,0.68648314,2.30299997
2015-12-31,171.87429810,103.79547882,89.63935089,101.45999908,0.68441588,2.26900005
2016-01-04,169.47154236,101.60563660,90.28610229,102.88999939,0.68329346,2.24499989
2016-01-05,169.75822449,101.42934418,89.92182159,103.18000031,0.67458177,2.24799991
2016-01-06,167.61680603,100.45505524,91.13359070,104.66999817,0.67010653,2.17700005
2016-01-07,163.59545898,97.30942535,91.29714203,106.15000153,0.66431940,2.15300012
2016-01-08,161.79980469,96.51144409,91.70597839,105.68000031,0.66255879,2.13000011
2016-01-11,161.95988464,96.80834961,90.70237732,104.73999786,0.65189046,2.15799999
2016-01-12,163.26663208,97.93111420,92.01079559,104.20999908,0.65560871,2.10200000
2016-01-13,159.19467163,94.55355835,92.91770172,104.72000122,0.65449309,2.06599998
2016-01-14,161.80812073,96.56710815,92.04794312,103.01999664,0.64871877,2.09800005
2016-01-15,158.33473206,93.56998444,93.48271942,104.08000183,0.64901352,2.03299999
2016-01-19,158.54553223,93.77411652,93.19279480,103.98000336,0.64545280,2.03500009
2016-01-20,156.51371765,93.48644257,94.17408752,105.37000275,0.64028686,1.98399997
2016-01-21,157.39054871,93.57923889,93.53472900,105.48999786,0.64628708,2.01900005
2016-01-22,160.61938477,96.28872681,93.17790222,105.00000000,0.65457880,2.04800010
2016-01-25,158.19142151,94.85978699,93.68343353,106.08000183,0.64750063,2.02200007
2016-01-26,160.34962463,95.71343994,93.72803497,107.29000092,0.64491165,1.99399996
2016-01-27,158.60455322,93.32872009,93.70571899,107.69000244,0.65078747,2.00099993
2016-01-28,159.43078613,94.64635468,93.83950806,106.54000092,0.64271486,1.98500001
2016-01-29,163.31727600,96.62276459,94.63498688,106.94999695,0.64800411,1.93099999
2016-02-01,163.25820923,96.88262177,94.34529877,108.05000305,0.64699793,1.96599996
2016-02-02,160.31593323,94.78554535,96.09558105,108.08999634,0.65457880,1.86399996
2016-02-03,161.27697754,94.33087158,95.29858398,109.25000000,0.65201801,1.88100004
2016-02-04,161.52996826,94.32157135,95.76035309,110.56999969,0.66471684,1.86399996
2016-02-05,158.45280457,91.04608917,95.87215424,112.31999969,0.67299277,1.84800005
2016-02-08,156.31990051,89.65422058,97.93525696,113.83000183,0.66299808,1.73500001
2016-02-09,156.32829285,89.37584686,98.03951263,113.58000183,0.66190100,1.72899997
2016-02-10,156.19343567,89.71918488,98.90347290,114.45999908,0.66423118,1.70500004
2016-02-11,154.16159058,89.58926392,99.59616089,119.05999756,0.66849387,1.64400005
2016-02-12,157.33999634,90.95329285,97.94271851,118.36000061,0.67150146,1.74800003
2016-02-16,159.99559021,93.00393677,96.90740204,114.76999664,0.66489363,1.77800000
2016-02-17,162.60903931,95.11029816,96.31154633,115.48000336,0.65819788,1.81900001
2016-02-18,161.94305420,94.02462769,97.49584198,118.29000092,0.66339391,1.75899994
2016-02-19,161.86712646,94.30300140,97.57771301,117.58000183,0.66449600,1.74800003
2016-02-22,164.21092224,95.83406830,97.52565002,115.48999786,0.66260272,1.76600003
2016-02-23,162.13693237,94.25662994,97.92037964,117.22000122,0.67141128,1.74500000
2016-02-24,162.87881470,95.15666962,97.72673035,117.61000061,0.66401058,1.74199998
2016-02-25,164.85160828,96.09386444,98.07675171,117.91999817,0.66644454,1.69700003
2016-02-26,164.47224426,95.97325134,97.13086700,117.11000061,0.67490047,1.76199996
2016-02-29,163.18229675,95.11029816,97.55538940,118.63999939,0.65919578,1.74000001
2016-03-01,167.01824951,98.16310120,95.83757019,117.76999664,0.66041476,1.83399999
2016-03-02,167.76855469,98.20021820,96.23307800,118.68000031,0.66409880,1.84800005
2016-03-03,168.42616272,98.01464081,96.58381653,120.73000336,0.66640013,1.83000004
2016-03-04,168.97412109,98.05175781,95.96443939,120.54000092,0.67249495,1.88300002
2016-03-07,169.10899353,97.44860077,95.93458557,121.13999939,0.67897880,1.90199995
2016-03-08,167.26271057,96.64134216,96.99424744,120.58000183,0.67851812,1.83200002
2016-03-09,168.08897400,97.26303864,96.40469360,119.58000183,0.67449075,1.89199996
2016-03-10,168.22380066,97.11457825,96.00920105,121.50000000,0.66440767,1.92900002
2016-03-11,170.93841553,98.81264496,95.03909302,119.41000366,0.66889632,1.97700000
2016-03-14,170.71931458,98.97964478,95.33761597,117.87000275,0.67408156,1.96300006
2016-03-15,170.44107056,98.94254303,95.42718506,117.95999908,0.66849387,1.95899999
2016-03-16,171.42745972,99.82408142,95.71070862,120.58999634,0.66124445,1.93799996
2016-03-17,172.51501465,99.76839447,96.10622406,120.12999725,0.67408156,1.90300000
2016-03-18,173.19294739,99.92472076,96.30770874,119.80000305,0.68390095,1.87100005
2016-03-21,173.43867493,100.31560516,95.56896210,118.95999908,0.67769045,1.92299998
2016-03-22,173.34539795,100.62271881,95.54657745,119.30999756,0.67668152,1.93499994
2016-03-23,172.20141602,99.79441071,96.62857819,116.61000061,0.67490047,1.87500000
2016-03-24,172.12521362,99.82235718,96.66589355,116.33000183,0.67217857,1.89999998
2016-03-28,172.22685242,99.68276215,96.79277039,116.59999847,0.66777968,1.87000000
2016-03-29,173.81996155,101.28346252,97.80764008,118.76000214,0.67421794,1.81400001
2016-03-30,174.58264160,101.77674866,96.77782440,117.09999847,0.68690753,1.83000004
2016-03-31,174.15895081,101.62780762,97.46434021,117.63999939,0.69032168,1.78600001
2016-04-01,175.34533691,102.70738983,97.71856689,116.93000031,0.69208938,1.79200006
2016-04-04,174.77751160,102.31649780,97.77841187,116.15000153,0.68970275,1.77900004
2016-04-05,173.03189087,101.33002472,98.84773254,117.66000366,0.68138456,1.72700000
2016-04-06,174.92163086,102.99591064,98.12989807,116.94000244,0.68004078,1.75500000
2016-04-07,172.82852173,101.51610565,99.34123993,118.61000061,0.68329346,1.69099998
2016-04-08,173.29460144,101.44169617,98.71314240,118.43000031,0.67819601,1.72000003
2016-04-11,172.88783264,101.06943512,98.58602142,120.02999878,0.68170971,1.72399998
2016-04-12,174.49792480,101.91635895,97.90555573,120.05000305,0.68610638,1.78100002
2016-04-13,176.26051331,103.21926117,98.24951935,118.76999664,0.69237691,1.76199996
2016-04-14,176.26898193,103.22857666,97.77841187,117.11000061,0.69151509,1.78100002
2016-04-15,176.07408142,102.96797180,98.61595154,117.91999817,0.68648314,1.75199997
2016-04-18,177.31134033,103.51705170,98.18970490,117.73999786,0.68827862,1.77300000
2016-04-19,177.87060547,102.88424683,97.88311005,119.58000183,0.69842154,1.78299999
2016-04-20,178.04008484,102.96797180,96.80632019,118.97000122,0.70323485,1.85399997
2016-04-21,177.08255005,102.97727203,96.23051453,119.41999817,0.69769061,1.87000000
2016-04-22,177.08255005,101.42308807,95.98375702,117.88999939,0.69070309,1.88800001
2016-04-25,176.77743530,101.42308807,95.58743286,118.23000336,0.68671888,1.90199995
2016-04-26,177.04014587,100.92983246,95.15373230,118.69999695,0.68752152,1.93099999
2016-04-27,177.40451050,100.12019348,96.10341644,119.04000092,0.68932235,1.86000001
2016-04-28,175.79447937,98.91031647,96.49970245,121.29000092,0.69261670,1.83800006
2016-04-29,174.84538269,98.38915253,96.74650574,123.65000153,0.69637883,1.81900001
2016-05-02,176.23512268,99.31980133,95.77244568,123.23999786,0.70028013,1.86500001
2016-05-03,174.70132446,98.39844513,96.97875214,122.95999908,0.70348227,1.79999995
2016-05-04,173.72677612,97.76561737,97.51074982,122.20999908,0.69319284,1.78400004
2016-05-05,173.69291687,97.73767090,98.16261292,122.06999969,0.68894243,1.74699998
2016-05-06,174.32844543,98.25885010,97.74301910,123.18000031,0.68932235,1.77900004
2016-05-09,174.47245789,98.53804016,98.05020905,120.65000153,0.68418175,1.75999999
2016-05-10,176.64186096,99.88750458,98.05770111,120.98000336,0.67718565,1.75999999
2016-05-11,174.98941040,98.98473358,98.61219788,122.12000275,0.68008709,1.73699999
2016-05-12,175.04019165,98.54735565,98.16261292,121.16000366,0.68198866,1.75699997
2016-05-13,173.51495361,98.18439484,99.11421204,121.70999908,0.68198866,1.70500004
2016-05-16,175.22669983,99.41287994,98.26001740,121.80000305,0.67681897,1.75300002
2016-05-17,173.59121704,98.16577911,98.42488098,122.22000122,0.67838001,1.75899994
2016-05-18,173.64202881,98.51942444,97.02371216,120.09999847,0.67971724,1.88000000
2016-05-19,173.04037476,98.00756836,97.44333649,119.87000275,0.67617828,1.84500003
2016-05-20,174.13351440,99.08714294,97.51820374,119.70999908,0.67617828,1.84899998
2016-05-23,173.89634705,98.95684052,97.73554993,119.37000275,0.67658997,1.83800006
2016-05-24,176.15036011,100.93915558,97.30090332,117.30000305,0.67535627,1.85899997
2016-05-25,177.34516907,101.66506195,96.93384552,116.98000336,0.67531061,1.87000000
2016-05-26,177.39605713,101.96287537,97.43579865,116.58000183,0.67091578,1.82299995
2016-05-27,178.15870667,102.49335480,97.29346466,115.62000275,0.67531061,1.85099995
2016-05-31,177.81976318,102.68879700,97.52573395,116.05999756,0.67100579,1.83399999
2016-06-01,178.18414307,102.69808197,97.92140961,115.94000244,0.67851812,1.84599996
2016-06-02,178.72653198,102.91212463,98.62722015,115.66999817,0.68208170,1.81099999
2016-06-03,178.19261169,102.42819977,100.03121185,118.87999725,0.68180269,1.70400000
2016-06-06,179.09930420,102.80046844,99.28787231,118.91999817,0.69391435,1.72300005
2016-06-07,179.37895203,102.53986359,99.52819824,118.81999969,0.69137168,1.71300006
2016-06-08,179.96369934,102.71669006,100.06126404,120.58000183,0.69531357,1.70599997
2016-06-09,179.71792603,102.54920197,100.70693970,121.25000000,0.71291083,1.67999995
2016-06-10,178.01463318,101.38584900,101.19494629,121.73999786,0.71179444,1.63900006
2016-06-13,176.64186096,100.53897095,101.64548492,122.63999939,0.70511913,1.61600006
2016-06-14,176.29441833,100.53897095,101.57034302,122.76999664,0.70442379,1.61099994
2016-06-15,176.04870605,100.25045776,101.96083069,123.68000031,0.69871438,1.59599996
2016-06-16,176.57403564,100.54827118,102.45639038,122.37999725,0.70791447,1.56400001
2016-06-17,175.91651917,99.36973572,101.81812286,123.94999695,0.70626456,1.61800003
2016-06-20,177.04939270,99.99490356,100.72948456,123.20999908,0.70891821,1.66999996
2016-06-21,177.55194092,100.31216431,100.26393127,120.83999634,0.71169311,1.69700003
2016-06-22,177.26231384,100.06957245,100.42916107,120.90000153,0.71321589,1.68499994
2016-06-23,179.57073975,101.49727631,99.28034973,120.11000061,0.71617848,1.73899996
2016-06-24,173.12251282,97.31681824,101.94582367,126.00000000,0.71999425,1.57900000
2016-06-27,170.02186584,95.38524628,104.49104309,126.68000031,0.70942110,1.46000004
2016-06-28,173.08842468,97.47543335,104.70879364,125.31999969,0.70160669,1.46099997
2016-06-29,176.03570557,99.20173645,103.90541077,125.83999634,0.70781428,1.47700000
2016-06-30,178.43782043,100.34953308,104.28833008,126.47000122,0.71240294,1.48800004
2016-07-01,178.81263733,100.85341644,105.73631287,128.41000366,0.71362311,1.45599997
2016-07-05,177.52636719,100.23756409,107.06013489,129.47000122,0.72139663,1.36699998
2016-07-06,178.59117126,101.05869293,107.23319244,130.22999573,0.71321589,1.38499999
2016-07-07,178.48037720,101.35729980,107.22570038,129.74000549,0.71341944,1.38699996
2016-07-08,181.13807678,102.92495728,108.01544189,130.52000427,0.72348428,1.36600006
2016-07-11,181.77690125,103.51283264,107.06774902,129.28999329,0.72987372,1.43400002
2016-07-12,183.09722900,104.03538513,105.30756378,127.15000153,0.72301352,1.51300001
2016-07-13,183.07173157,103.78345490,106.54866028,128.32000732,0.72934145,1.46800005
2016-07-14,184.09388733,104.49266052,104.99912262,127.33000183,0.72621644,1.53100002
2016-07-15,183.84686279,104.32469177,104.09652710,126.83999634,0.71628106,1.59399998
2016-07-18,184.34094238,105.01519775,103.99870300,127.04000092,0.70746374,1.58700001
2016-07-19,184.15348816,104.63257599,104.58550262,127.20999908,0.70387840,1.55799997
2016-07-20,184.92010498,105.85500336,104.01376343,125.38999939,0.70477128,1.58000004
2016-07-21,184.22161865,105.61240387,104.22439575,127.30000305,0.69666994,1.56500006
2016-07-22,185.04791260,106.05097961,104.40497589,126.34999847,0.70077085,1.57000005
2016-07-25,184.54531860,106.06030273,104.32966614,125.47000122,0.70106566,1.57099998
2016-07-26,184.63050842,106.18162537,104.49522400,126.00000000,0.69983906,1.56299996
2016-07-27,184.43464661,106.91878510,105.79650116,128.02999878,0.70676374,1.51499999
2016-07-28,184.64752197,107.29204559,105.60090637,127.66000366,0.70947146,1.51100004
2016-07-29,184.94566345,107.52533722,106.48102570,128.97999573,0.70906901,1.45799994
2016-08-01,184.79238892,108.09452820,105.32653046,129.22000122,0.71901065,1.49600005
2016-08-02,183.60836792,107.27337646,104.24142456,130.27000427,0.71736008,1.53699994
2016-08-03,184.14497375,107.62795258,104.30166626,129.64999390,0.72098053,1.54200006
2016-08-04,184.34094238,107.93592834,105.08538818,129.86999512,0.71566594,1.50300002
2016-08-05,185.84860229,108.97168732,103.99272156,127.55000305,0.71808124,1.58200002
2016-08-08,185.73793030,108.85038757,104.18861389,127.44000244,0.71189576,1.58299994
2016-08-09,185.84860229,109.10231018,105.21348572,127.95999908,0.71464306,1.54499996
2016-08-10,185.38864136,108.82238007,105.62038422,128.55999756,0.71643502,1.50899994
2016-08-11,186.24900818,109.28894806,104.67842865,127.66999817,0.72896928,1.57299995
2016-08-12,186.08715820,109.36361694,105.56011963,127.40000153,0.72118849,1.51499999
2016-08-15,186.62373352,109.83017731,104.56539154,127.83999634,0.71926922,1.55299997
2016-08-16,185.66117859,109.22362518,104.28659058,128.47000122,0.72165692,1.57599998
2016-08-17,186.01045227,109.41958618,104.91203308,128.50000000,0.72891611,1.56099999
2016-08-18,186.42784119,109.44757080,105.07785797,129.11000061,0.72690266,1.53600001
2016-08-19,186.15525818,109.41958618,104.52774811,127.97000122,0.72833210,1.57799995
2016-08-22,186.14677429,109.50357819,105.40942383,127.77999878,0.72495288,1.53900003
2016-08-23,186.52157593,109.69953918,105.52246094,127.76000214,0.72849131,1.55299997
2016-08-24,185.56750488,108.99035645,105.27378082,126.33999634,0.72764319,1.55900002
2016-08-25,185.43972778,108.81306458,104.87437439,126.23000336,0.73179656,1.57700002
2016-08-26,185.09048462,108.97168732,104.26399994,126.05000305,0.73024678,1.63499999
2016-08-29,186.00189209,109.12099457,105.65815735,126.30000305,0.72259551,1.56599998
2016-08-30,185.69528198,108.76638031,105.25119781,125.02999878,0.72611094,1.57000005
2016-08-31,185.16714478,108.65442657,105.40191650,124.77999878,0.72411293,1.56799996
2016-09-01,185.17568970,108.93438721,105.51818848,125.29000092,0.72458518,1.57000005
2016-09-02,186.01045227,109.28894806,104.65749359,126.56999969,0.72939456,1.59599996
2016-09-06,186.57267761,109.97014618,105.42000580,128.71000671,0.73110104,1.54299998
2016-09-07,186.55563354,110.03544617,105.34450531,128.27000427,0.74222517,1.54100001
2016-09-08,186.12973022,109.39159393,104.02340698,127.58999634,0.74515647,1.61600006
2016-09-09,181.67472839,106.63886261,102.30960846,126.75000000,0.74057621,1.67200005
2016-09-12,184.28126526,108.55177307,102.36246490,126.58999634,0.73362184,1.67200005
2016-09-13,181.63208008,107.58129120,101.19985962,125.75000000,0.73637700,1.73399997
2016-09-14,181.56399536,108.09452820,101.35087585,126.18000031,0.72511059,1.68900001
2016-09-15,183.37838745,109.77419281,100.91297150,125.37000275,0.72721982,1.70299995
2016-09-16,182.66944885,109.72178650,101.72834778,125.05999756,0.73227888,1.70099998
2016-09-19,182.70373535,109.24470520,101.39614868,125.31999969,0.72748435,1.69599998
2016-09-20,182.71229553,109.45050812,101.75098419,125.44000244,0.73046023,1.68799996
2016-09-21,184.76699829,110.52631378,102.57386017,127.26999664,0.73227888,1.66799998
2016-09-22,185.93124390,111.40564728,103.38917542,127.56999969,0.73459196,1.63199997
2016-09-23,184.91249084,110.69470215,103.29107666,127.65000153,0.73136836,1.61500001
2016-09-26,183.41430664,109.76858521,103.94787598,127.55000305,0.72353667,1.58899999
2016-09-27,184.55291748,110.85373688,104.71027374,126.62000275,0.72764319,1.55599999
2016-09-28,185.46897888,111.04081726,104.48387146,126.22000122,0.72966075,1.56700003
2016-09-29,183.79100037,110.23632050,104.74811554,126.06999969,0.72859746,1.55700004
2016-09-30,185.17787170,111.05954742,103.81202698,125.63999939,0.72458518,1.60800004
2016-10-03,184.73269653,110.90050507,103.46936035,125.31999969,0.72658581,1.62199998
2016-10-04,183.79100037,110.73210907,102.25923157,120.97000122,0.72971398,1.68299997
2016-10-05,184.60432434,111.12501526,101.78281403,120.77999878,0.71880394,1.71599996
2016-10-06,184.73269653,111.06887817,101.21557617,119.66000366,0.71725720,1.74199998
2016-10-07,184.09919739,110.82566833,101.28362274,119.73999786,0.71638370,1.73599994
2016-10-10,185.05801392,111.52727509,100.68616486,120.16000366,0.71720576,1.72300005
2016-10-11,182.72087097,109.93698120,100.45927429,119.55000305,0.71285999,1.75899994
2016-10-12,182.96058655,109.84344482,100.55765533,119.73999786,0.70836580,1.77800000
2016-10-13,182.36126709,109.45050812,100.93572998,120.02999878,0.70482099,1.73800004
2016-10-14,182.45545959,109.58149719,99.52149200,119.36000061,0.70866698,1.79400003
2016-10-17,181.82192993,109.28211212,100.15679932,119.68000031,0.70901871,1.76600003
2016-10-18,182.96058655,110.25502777,100.48200226,120.41999817,0.71741158,1.74899995
2016-10-19,183.44854736,110.24566650,100.56519318,121.11000061,0.72061688,1.75199997
2016-10-20,183.10610962,110.11470032,100.67105865,120.73999786,0.72322267,1.74699998
2016-10-21,183.19171143,110.52631378,100.82231140,120.83000183,0.71911407,1.74000001
2016-10-24,183.97076416,111.85467529,100.38367462,120.55999756,0.71566594,1.76300001
2016-10-25,183.35440063,111.49918365,100.64838409,121.47000122,0.71301246,1.75800002
2016-10-26,182.98626709,110.74147797,99.96769714,120.79000092,0.71689731,1.78999996
2016-10-27,182.49822998,110.23632050,98.87859344,121.01000214,0.71540993,1.84300005
2016-10-28,181.95893860,109.54405212,98.65929413,121.58000183,0.71265680,1.84500003
2016-10-31,181.96742249,109.44117737,99.26433563,121.94000244,0.71658909,1.83399999
2016-11-01,180.64906311,108.61793518,99.27188110,122.73000336,0.71581966,1.82000005
2016-11-02,179.56181335,107.74794006,99.70385742,123.63999939,0.72072071,1.79900002
2016-11-03,178.73988342,106.69087219,98.93857574,124.30000305,0.72838515,1.81200004
2016-11-04,178.54301453,106.31668091,99.82508850,124.38999939,0.73324531,1.78299999
2016-11-07,182.48117065,108.84243774,98.97642517,122.15000153,0.73206437,1.82799995
2016-11-08,183.30303955,109.55342865,98.57479858,121.63999939,0.73389113,1.86199999
2016-11-09,185.24645996,110.05859375,94.39206696,121.55999756,0.73713696,2.07200003
2016-11-10,185.70866394,108.28117371,92.99784088,119.75000000,0.72896928,2.11700010
2016-11-11,185.28063965,108.32797241,92.47498322,117.09999847,0.72181314,2.11700010
2016-11-14,185.42614746,107.23344421,91.92181396,116.11000061,0.71098471,2.22199988
2016-11-15,186.87300110,108.72085571,92.37644958,117.12000275,0.71321589,2.23799992
2016-11-16,186.52200317,109.36633301,93.21000671,116.76999664,0.70952177,2.22300005
2016-11-17,187.48085022,110.16146851,91.83845520,116.16999817,0.70972317,2.27600002
2016-11-18,187.06130981,109.74987030,91.57322693,115.15000153,0.70209932,2.33500004
2016-11-21,188.47393799,110.89114380,91.80059052,115.58000183,0.69979006,2.33899999
2016-11-22,188.84202576,111.22791290,91.77024841,115.54000092,0.70776421,2.32100010
2016-11-23,188.94480896,110.77887726,91.41412354,113.25000000,0.70691359,2.35700011
2016-11-25,189.64683533,111.13436890,91.55051422,112.61000061,0.70091820,2.37199998
2016-11-28,188.75645447,110.88179016,92.22494507,113.80000305,0.70497006,2.31999993
2016-11-29,189.12461853,111.26533508,92.61133575,113.26999664,0.70851636,2.30200005
2016-11-30,188.67086792,109.91828156,91.11103058,111.75000000,0.71347034,2.36800003
2016-12-01,187.97746277,108.01925659,90.14902496,111.54000092,0.70776421,2.44099998
2016-12-02,188.07151794,108.23440552,90.80958557,112.13999939,0.70982397,2.39000010
2016-12-05,189.20159912,109.07633972,90.71086884,111.54000092,0.71027774,2.38700008
2016-12-06,189.80087280,109.33824921,90.64256287,111.43000031,0.71433675,2.39599991
2016-12-07,192.28364563,110.72277832,91.41701508,111.83000183,0.71270758,2.34699988
2016-12-08,192.75456238,110.91920471,90.33884430,111.56999969,0.71823603,2.38700008
2016-12-09,193.91883850,111.78919983,89.21510315,110.40000153,0.71802974,2.46399999
2016-12-12,193.69628906,111.28404999,89.38217163,110.81999969,0.71291083,2.47900009
2016-12-13,194.98895264,112.68727112,89.70102692,110.44999695,0.71999425,2.48099995
2016-12-14,193.37950134,112.45339203,88.69882202,108.83000183,0.72040915,2.52500010
2016-12-15,194.17570496,112.63112640,89.14677429,107.33999634,0.71179444,2.57999992
2016-12-16,193.79592896,112.21362305,88.94178772,108.05000305,0.70492035,2.59699988
2016-12-19,194.21789551,112.67333984,89.89849854,108.58999634,0.69637883,2.54200006
2016-12-20,194.96708679,113.10494995,89.45048523,107.79000092,0.69290465,2.56800008
2016-12-21,194.42456055,113.02053833,89.84530640,107.84999847,0.69300073,2.54600000
2016-12-22,194.08872986,112.70149231,89.68469238,107.58999634,0.69041699,2.55299997
2016-12-23,194.37289429,112.77655792,89.86737823,107.93000031,0.69060779,2.54299998
2016-12-27,194.85517883,113.35825348,89.57807159,108.55999756,0.68832600,2.56299996
2016-12-28,193.24475098,112.47629547,90.23278809,108.86000061,0.68970275,2.50600004
2016-12-29,193.20173645,112.31682587,90.55255890,110.29000092,0.69271260,2.47700000
2016-12-30,192.49555969,111.16281128,90.68952942,109.61000061,0.69720423,2.44600010
2017-01-03,193.96817017,112.15731812,91.07778168,110.47000122,0.69319284,2.45000005
2017-01-04,195.12205505,112.76720428,91.42800140,110.86000061,0.69237691,2.45199990
2017-01-05,194.96708679,113.40520477,92.85917664,112.58000183,0.69633031,2.36800003
2017-01-06,195.66468811,114.39973450,92.00653076,111.75000000,0.70214856,2.41799998
2017-01-09,195.01875305,114.77500916,92.74497223,112.66999817,0.69676703,2.37599993
2017-01-10,195.01875305,115.02832794,92.68410492,113.15000153,0.70180362,2.37899995
2017-01-11,195.56982422,115.33793640,92.99617004,113.50000000,0.69842154,2.36999989
2017-01-12,195.07908630,115.15967560,92.79063416,113.91000366,0.70671380,2.36100006
2017-01-13,195.52685547,115.55377197,92.34910583,114.20999908,0.71118695,2.38000011
2017-01-17,194.83793640,115.20659637,93.31593323,115.84999847,0.71007091,2.32699990
2017-01-18,195.26847839,115.44116974,92.12073517,114.87000275,0.72027946,2.38899994
2017-01-19,194.54512024,115.38488007,91.48886108,114.76999664,0.71281934,2.45900011
2017-01-20,195.25985718,115.63820648,91.30615997,115.05000305,0.71934170,2.46700001
2017-01-23,194.75181580,115.73200989,92.21971130,115.79000092,0.71896929,2.40300012
2017-01-24,196.00051880,116.51075745,91.58783722,115.26999664,0.72360992,2.47099996
2017-01-25,197.69703674,117.68356323,90.43831635,114.31999969,0.72568941,2.52300000
2017-01-26,197.49029541,117.80552673,90.74283600,113.26000214,0.73008156,2.50799990
2017-01-27,197.18025208,118.03070068,91.07019043,113.48999786,0.72450119,2.48099995
2017-01-30,195.95744324,117.11119080,90.79611969,113.97000122,0.72726744,2.48300004
2017-01-31,195.94017029,116.87670898,91.42800140,115.55000305,0.72952235,2.45099998
2017-02-01,196.01768494,117.68356323,90.86267853,115.19999695,0.72943187,2.47399998
2017-02-02,196.14689636,117.58036804,90.82454681,115.83999634,0.72543144,2.47000003
2017-02-03,197.49893188,117.91811371,90.78639984,116.12999725,0.72856027,2.49099994
2017-02-06,197.14582825,118.05885315,91.33569336,117.69999695,0.73147005,2.41300011
2017-02-07,197.15443420,118.49044037,92.00702667,117.45999908,0.73173761,2.38899994
2017-02-08,197.41279602,118.68746185,93.25820160,118.19000244,0.72979915,2.35100007
2017-02-09,198.58396912,119.11904907,92.18247986,117.29000092,0.72355241,2.39499998
2017-02-10,199.36761475,119.51313019,92.12911987,117.59999847,0.71953833,2.40899992
2017-02-13,200.45269775,120.18867493,91.83922577,116.80000305,0.71942449,2.43400002
2017-02-14,201.25355530,120.59210205,91.17545319,116.93000031,0.71805036,2.47000003
2017-02-15,202.30419922,121.30516052,90.75586700,117.44999695,0.71728808,2.50200009
2017-02-16,202.13195801,121.26763153,91.25176239,118.08000183,0.72227198,2.45000005
2017-02-17,202.45057678,121.79302979,91.79342651,117.68000031,0.72154754,2.42499995
2017-02-21,203.65617371,122.39353180,91.63319397,117.75000000,0.71761751,2.42700005
2017-02-22,203.47535706,122.44041443,91.78578949,117.91000366,0.71644014,2.41799998
2017-02-23,203.61317444,121.98069000,92.06040192,118.94000244,0.71817923,2.38800001
2017-02-24,203.87153625,122.21524811,93.08276367,119.69999695,0.72303969,2.31699991
2017-02-27,204.19018555,122.36539459,92.53343201,119.12000275,0.71921748,2.36899996
2017-02-28,203.63897705,121.99007416,92.87678528,119.23000336,0.71853018,2.35800004
2017-03-01,206.48945618,123.32239532,91.32044983,119.05999756,0.71722120,2.46300006
2017-03-02,205.18913269,122.70317078,90.99178314,117.58000183,0.71147031,2.48900008
2017-03-03,205.31825256,122.92832947,91.22873688,117.51000214,0.70623964,2.49200010
2017-03-06,204.70684814,122.65624237,90.79303741,116.72000122,0.70375949,2.49399996
2017-03-07,204.09542847,122.44979095,90.51788330,115.77999878,0.69940829,2.51099992
2017-03-08,203.71647644,122.66563416,90.02867126,115.05999756,0.69639820,2.55200005
2017-03-09,203.97483826,122.75945282,89.31015778,114.47000122,0.69167775,2.59800005
2017-03-10,204.68960571,123.27545929,89.62352753,114.72000122,0.68965989,2.58200002
2017-03-13,204.79293823,123.48188782,89.05792999,114.73999786,0.69235778,2.60800004
2017-03-14,204.00927734,123.18163300,89.48596191,114.12000275,0.69181174,2.59500003
2017-03-15,205.77467346,123.94160461,90.57905579,116.25000000,0.69293827,2.50799990
2017-03-16,205.36988831,123.85723114,90.12039948,116.73000336,0.70274073,2.52200007
2017-03-17,205.00927734,123.81395721,90.68602753,116.98999786,0.69831914,2.50099993
2017-03-20,204.78440857,123.92677307,91.07590485,117.51000214,0.70285922,2.47300005
2017-03-21,202.15507507,122.04635620,91.83262634,118.54000092,0.70492035,2.43600011
2017-03-22,202.63081360,122.87375641,92.19950867,118.83000183,0.70414108,2.39599991
2017-03-23,202.41455078,122.56348419,92.06958008,118.66999817,0.70404190,2.41799998
2017-03-24,202.26753235,122.81736755,92.39823914,118.86000061,0.70292836,2.40000010
2017-03-27,202.05993652,123.01479340,92.81867218,119.52999878,0.70455778,2.37299991
2017-03-28,203.53027344,123.76696014,92.19950867,119.04000092,0.70479119,2.40899992
2017-03-29,203.72053528,124.34048462,92.74986267,119.33000183,0.70081997,2.38599992
2017-03-30,204.36921692,124.54730988,92.00078583,118.47000122,0.70337832,2.41599989
2017-03-31,203.89356995,124.46268463,92.26829529,118.72000122,0.70035857,2.39599991
2017-04-03,203.53892517,124.38748169,93.19898224,119.34999847,0.70049107,2.34999990
2017-04-04,203.66865540,124.58493042,92.69341278,119.62000275,0.70174950,2.34999990
2017-04-05,203.06323242,124.07717896,92.97684479,119.62000275,0.69764197,2.35700011
2017-04-06,203.63409424,124.14299774,92.83898926,119.18000031,0.69771981,2.34299994
2017-04-07,203.42646790,124.07717896,92.46364594,119.45999908,0.69737923,2.37299991
2017-04-10,203.54754639,124.12421417,92.89257812,119.45999908,0.69416970,2.36100006
2017-04-11,203.30538940,123.58828735,93.77349091,121.19000244,0.69645154,2.29800010
2017-04-12,202.41455078,123.08997345,94.28670502,122.01999664,0.69588935,2.29600000
2017-04-13,201.09986877,122.60108185,94.57781219,122.59999847,0.69935936,2.23200011
2017-04-17,202.88162231,123.61649323,94.28670502,122.23999786,0.70147872,2.25200009
2017-04-18,202.27612305,123.42847443,95.51996613,122.81999969,0.70122784,2.17899990
2017-04-19,201.90423584,123.62591553,94.99909210,121.73000336,0.70460248,2.20199990
2017-04-20,203.54754639,124.66007233,94.63140869,121.95999908,0.70389819,2.24099994
2017-04-21,202.89888000,124.63192749,94.63140869,122.30999756,0.69902205,2.23699999
2017-04-24,205.13037109,126.13624573,94.16414642,121.48000336,0.70422041,2.27300000
2017-04-25,206.32391357,127.04817200,93.03047180,120.25000000,0.70135081,2.32699990
2017-04-26,206.19415283,126.86957550,93.54372406,120.83999634,0.69506228,2.31100011
2017-04-27,206.36717224,127.63113403,93.51305389,120.38999939,0.69025975,2.29600000
2017-04-28,205.91743469,127.85679626,93.71991730,120.76999664,0.68834972,2.28200006
2017-05-01,206.43634033,128.99441528,92.94078064,119.66999817,0.68738919,2.32500005
2017-05-02,206.51419067,129.21063232,93.41666412,119.65000153,0.69226187,2.29600000
2017-05-03,206.26333618,128.79699707,93.47806549,117.98000336,0.69625765,2.30900002
2017-05-04,206.50553894,128.84393311,93.01753998,116.79000092,0.68865776,2.35599995
2017-05-05,207.31855774,129.31405640,93.10193634,117.01000214,0.68756878,2.35200000
2017-05-08,207.28399658,129.59613037,92.59529877,116.75000000,0.69008827,2.37599993
2017-05-09,207.09373474,130.04742432,92.58768463,116.05000305,0.69208938,2.40700006
2017-05-10,207.46559143,130.12260437,92.48023987,116.04000092,0.68979788,2.41400003
2017-05-11,207.04182434,130.01918030,92.48023987,116.50000000,0.68335885,2.40000010
2017-05-12,206.69584656,130.31069946,93.17872620,116.83000183,0.68438774,2.33500004
2017-05-15,207.83755493,130.72431946,92.92543030,117.13999939,0.68663871,2.33800006
2017-05-16,207.64723206,131.26966858,93.27085114,117.65000153,0.68902791,2.32900000
2017-05-17,203.96272278,127.93193817,94.62947845,119.79000092,0.68904215,2.21600008
2017-05-18,204.78440857,129.05081177,94.73697662,118.80999756,0.69397217,2.23300004
2017-05-19,206.11633301,129.59613037,94.95956421,119.40000153,0.68956006,2.24499989
2017-05-22,207.16285706,130.68672180,94.69852448,119.90000153,0.69342840,2.25399995
2017-05-23,207.62132263,130.81837463,94.06147003,119.13999939,0.70047140,2.28500009
2017-05-24,208.10565186,131.42010498,94.59107971,119.61000061,0.70090836,2.26600003
2017-05-25,209.10031128,132.53892517,94.62180328,119.48000336,0.70463222,2.25500011
2017-05-26,209.05703735,132.77397156,94.78302002,120.54000092,0.70185781,2.25000000
2017-05-30,208.87541199,132.88677979,95.25119781,120.13999939,0.70515895,2.21700001
2017-05-31,208.82347107,132.83976746,95.48916626,120.62000275,0.70864189,2.19600010
2017-06-01,210.48411560,133.35691833,95.49919128,120.72000122,0.70834070,2.21700001
2017-06-02,211.18470764,134.88002014,96.62994385,121.61000061,0.70619971,2.15899992
2017-06-05,211.02903748,134.85174561,96.02990723,121.73000336,0.71371979,2.18199992
2017-06-06,210.35441589,134.31588745,96.55300903,123.09999847,0.71305823,2.14700007
2017-06-07,210.74359131,134.84242249,96.09151459,122.44999695,0.71806067,2.17799997
2017-06-08,210.84739685,134.98342896,95.83766174,121.65000153,0.71896929,2.19400001
2017-06-09,210.52738953,131.60818481,95.69149017,120.54000092,0.71986985,2.19899988
2017-06-12,210.48411560,130.90298462,95.66073608,120.36000061,0.72082984,2.21300006
2017-06-13,211.51333618,131.96542358,95.67610168,120.48000336,0.72061169,2.20700002
2017-06-14,211.24523926,131.39189148,97.15303040,119.81999969,0.72065842,2.13800001
2017-06-15,210.83872986,130.80900574,96.99918365,119.31999969,0.72456938,2.16199994
2017-06-16,210.88478088,130.24140930,97.19150543,119.33999634,0.72035205,2.15700006
2017-06-19,212.64045715,132.41920471,97.05300903,118.43000031,0.72643799,2.19000006
2017-06-20,211.20635986,131.38214111,97.92226410,118.18000031,0.72260076,2.15300012
2017-06-21,211.15426636,132.68318176,98.12226868,118.51999664,0.72391903,2.15499997
2017-06-22,211.05870056,132.64546204,98.33763123,118.91999817,0.72486877,2.15300012
2017-06-23,211.31066895,133.15455627,98.29147339,119.43000031,0.72619003,2.14400005
2017-06-26,211.44973755,132.53231812,98.66071320,118.36000061,0.72841173,2.13700008
2017-06-27,209.74624634,130.12826538,97.60685730,118.80999756,0.72843826,2.19799995
2017-06-28,211.62358093,132.00437927,97.28379059,118.90000153,0.72668082,2.22099996
2017-06-29,209.76358032,129.71353149,96.46842957,118.31999969,0.73049223,2.26699996
2017-06-30,210.15478516,129.76062012,96.24534607,118.01999664,0.73096210,2.30200005
2017-07-03,210.51112366,128.39361572,95.93547821,116.08999634,0.73368108,2.34599996
2017-07-05,210.99784851,129.65690613,95.95860291,116.51999664,0.72919250,2.33400011
2017-07-06,209.06832886,128.48794556,95.16466522,116.47000122,0.72842759,2.36999989
2017-07-07,210.42416382,129.87379456,94.59426117,115.27999878,0.72843826,2.39299989
2017-07-10,210.65013123,130.72222900,94.73299408,115.47000122,0.72768021,2.37100005
2017-07-11,210.49371338,131.08987427,94.89486694,115.62000275,0.72768021,2.36199999
2017-07-12,212.07551575,132.64546204,95.55004120,116.02999878,0.72228760,2.32699990
2017-07-13,212.43188477,132.93774414,94.94885254,115.81999969,0.72563148,2.34800005
2017-07-14,213.42263794,133.98413086,95.06443787,116.76999664,0.73242903,2.31900001
2017-07-17,213.39657593,134.05017090,95.32651520,117.29000092,0.73584062,2.30900002
2017-07-18,213.50958252,134.94575500,96.15899658,118.11000061,0.72798753,2.26300001
2017-07-19,214.66554260,135.73770142,96.19759369,118.08000183,0.73522919,2.26799989
2017-07-20,214.76115417,135.91679382,96.47506714,118.23999786,0.73643124,2.26600003
2017-07-21,214.56991577,135.86029053,96.88356781,119.26000214,0.74034041,2.23200011
2017-07-24,214.51774597,136.48242188,96.50588226,119.30999756,0.74527872,2.25399995
2017-07-25,215.03927612,136.13360596,95.24945831,118.91999817,0.74398118,2.32599998
2017-07-26,215.04792786,136.57669067,95.40365601,119.87999725,0.74219763,2.28200006
2017-07-27,214.84800720,135.71884155,94.93341064,119.79000092,0.75256997,2.30999994
2017-07-28,214.59596252,135.60571289,95.49610138,120.69000244,0.75041270,2.28900003
2017-07-31,214.47431946,135.03062439,95.61173248,120.75000000,0.75200975,2.29200006
2017-08-01,214.95231628,135.34170532,96.28302765,120.65000153,0.75075072,2.25099993
2017-08-02,215.05664062,135.70941162,96.33712006,120.40000153,0.74263859,2.26200008
2017-08-03,214.63948059,135.18147278,97.33360291,120.58999634,0.74100971,2.22799993
2017-08-04,215.03051758,135.42654419,96.50702667,119.65000153,0.74471253,2.26699996
2017-08-07,215.43029785,136.28445435,96.61518097,119.51000214,0.74091089,2.25699997
2017-08-08,214.90019226,136.04882812,96.26757812,119.86000061,0.73594886,2.28299999
2017-08-09,214.89149475,135.86968994,96.79286957,121.30999756,0.73249876,2.24099994
2017-08-10,211.85818481,132.95654297,97.61943054,122.20999908,0.73551047,2.21199989
2017-08-11,212.17112732,133.96528625,97.66574860,122.79000092,0.72738910,2.18899989
2017-08-14,214.27436829,135.69059753,97.16365051,121.91999817,0.73165196,2.21900010
2017-08-15,214.24835205,135.78479004,96.75417328,120.98000336,0.72963941,2.26600003
2017-08-16,214.62207031,136.02050781,97.10957336,121.87000275,0.72332209,2.22600007
2017-08-17,211.27589417,133.23941040,97.83573151,122.48999786,0.73165733,2.19899988
2017-08-18,210.94566345,133.14512634,97.81254578,122.30000305,0.72826850,2.19400001
2017-08-21,211.11077881,132.97538757,98.05202484,122.76000214,0.73109031,2.18000007
2017-08-22,213.31834412,135.00230408,97.67349243,122.20999908,0.73272955,2.21499991
2017-08-23,212.55357361,134.52156067,98.33789062,122.66999817,0.72814119,2.17100000
2017-08-24,212.05816650,134.12559509,97.97472382,122.29000092,0.72353142,2.19400001
2017-08-25,212.55357361,133.84275818,98.35330200,122.73999786,0.72072071,2.16899991
2017-08-28,212.56221008,134.25756836,98.29148865,124.69000244,0.72512108,2.15899992
2017-08-29,212.80557251,134.78552246,98.60822296,124.41999817,0.72443819,2.13599992
2017-08-30,213.81378174,136.36927795,98.57731628,124.36000061,0.72588956,2.14299989
2017-08-31,215.10008240,137.83065796,98.87085724,125.81999969,0.72038847,2.12100005
2017-09-01,215.40429688,137.64204407,98.11459351,126.05999756,0.71791112,2.15700006
2017-09-05,213.85720825,136.40705872,99.67049408,127.45999908,0.71615797,2.06999993
2017-09-06,214.58728027,136.82182312,99.05899811,126.80999756,0.72591060,2.10800004
2017-09-07,214.56121826,137.14236450,100.07299805,128.13000488,0.72034174,2.06100011
2017-09-08,214.30918884,135.95452881,99.85626984,127.97000122,0.72484773,2.06100011
2017-09-11,216.59498596,137.51948547,98.66419220,126.19000244,0.72412866,2.12500000
2017-09-12,217.32505798,137.84945679,98.14552307,126.55999756,0.72543144,2.17100000
2017-09-13,217.42933655,138.03804016,97.75851440,125.61000061,0.72833210,2.19499993
2017-09-14,217.35980225,137.22720337,98.16103363,126.16000366,0.72495812,2.19700003
2017-09-15,217.65242004,137.69860840,98.19974518,125.52999878,0.72296125,2.20199990
2017-09-18,218.11531067,137.51812744,97.63461304,124.36000061,0.72893202,2.22900009
2017-09-19,218.33366394,137.75439453,97.39469910,124.62000275,0.72655934,2.24300003
2017-09-20,218.41232300,137.32920837,97.46438599,123.62000275,0.73145932,2.27699995
2017-09-21,217.82713318,136.48831177,97.41015625,122.68000031,0.73336905,2.27800012
2017-09-22,217.87083435,136.35606384,97.68884277,123.23999786,0.73001224,2.26200008
2017-09-25,217.42535400,134.91989136,98.30036163,124.52999878,0.72909147,2.22000003
2017-09-26,217.55632019,135.26947021,98.12233734,123.13999939,0.72730976,2.22900009
2017-09-27,218.40354919,136.48831177,96.64381409,121.98000336,0.72036248,2.30900002
2017-09-28,218.66561890,136.44110107,96.35746002,122.20999908,0.72164130,2.30900002
2017-09-29,219.43423462,137.42366028,96.57417297,121.58000183,0.72228241,2.32599998
2017-10-02,220.38632202,137.54650879,96.39732361,120.76999664,0.72192782,2.33699989
2017-10-03,220.85794067,137.83938599,96.49037933,120.83000183,0.71922785,2.33400011
2017-10-04,221.11997986,137.97166443,96.49818420,121.16999817,0.71633238,2.32999992
2017-10-05,222.43011475,139.32276917,96.13357544,120.51999664,0.71572226,2.34999990
2017-10-06,222.17680359,139.51174927,95.86213684,121.08999634,0.71135896,2.36999989
2017-10-09,221.81001282,139.35112000,96.16461182,122.08000183,0.70711851,2.36100006
2017-10-10,222.39515686,139.45501709,96.31977844,122.40000153,0.70660889,2.34500003
2017-10-11,222.74459839,139.87075806,96.50591278,122.79000092,0.70737869,2.34500003
2017-10-12,222.41264343,139.61566162,96.91702271,122.88999939,0.70984912,2.32299995
2017-10-13,222.68342590,140.15420532,97.61512756,123.81999969,0.71299213,2.27999997
2017-10-16,222.98040771,140.63609314,97.54529572,122.97000122,0.71772051,2.30699992
2017-10-17,223.13761902,140.81553650,97.66935730,122.12999725,0.71850950,2.29800010
2017-10-18,223.35598755,140.64547729,97.02559662,121.66999817,0.71765870,2.33899999
2017-10-19,223.41711426,140.12585449,97.19622040,122.38999939,0.71548158,2.32100010
2017-10-20,224.57000732,140.50379944,96.16461182,121.61000061,0.70305198,2.38100004
2017-10-23,223.69660950,139.58732605,96.33530426,121.80000305,0.69421786,2.37599993
2017-10-24,224.08966064,139.82356262,95.73802948,121.33000183,0.69831914,2.40599990
2017-10-25,222.98040771,139.29437256,95.28038788,121.34999847,0.69036931,2.44400001
2017-10-26,223.26864624,138.85034180,94.96240234,120.33000183,0.68936038,2.45199990
2017-10-27,225.09413147,142.89419556,95.59064484,120.90000153,0.68376070,2.42799997
2017-10-30,224.25556946,143.21539307,96.50591278,121.12999725,0.68613929,2.36999989
2017-10-31,224.60502625,143.75396729,96.53694916,120.66999817,0.68824071,2.37599993
2017-11-01,224.90196228,143.70671082,96.96675110,121.11000061,0.69048852,2.37599993
2017-11-02,224.98928833,143.43267822,97.39427948,121.19000244,0.68923217,2.34699988
2017-11-03,225.74049377,144.81216431,97.65858459,120.62000275,0.69129997,2.34299994
2017-11-06,226.08987427,145.30346680,98.02392578,121.65000153,0.69094175,2.31999993
2017-11-07,225.93260193,145.38851929,98.43585968,121.20999908,0.69413114,2.30699992
2017-11-08,226.31694031,145.97427368,98.21822357,121.62999725,0.69106114,2.32500005
2017-11-09,225.49589539,145.20893860,97.93840027,122.12999725,0.69556993,2.33100009
2017-11-10,225.42604065,145.19952393,96.46158600,121.12999725,0.69445890,2.40000010
2017-11-13,225.63560486,145.37901306,96.66362000,121.30999756,0.69253999,2.40000010
2017-11-14,225.11157227,144.84994507,97.31658173,121.55999756,0.68983120,2.38100004
2017-11-15,223.98484802,144.16970825,98.37367249,121.41000366,0.68788093,2.33500004
2017-11-16,225.88888550,146.01205444,97.51866913,121.40000153,0.68788093,2.36100006
2017-11-17,225.22514343,145.45460510,98.24153900,122.86000061,0.68555129,2.35400009
2017-11-20,225.60940552,145.34126282,98.20267487,121.30999756,0.68010092,2.37199998
2017-11-21,227.08549500,146.91908264,98.51356506,121.51000214,0.68119889,2.36299992
2017-11-22,226.88468933,147.09855652,98.83225250,122.62999725,0.68465954,2.32200003
2017-11-24,227.40875244,147.63719177,98.56020355,122.31999969,0.68898994,2.33999991
2017-11-27,227.29512024,147.57099915,98.42034912,122.83000183,0.68723798,2.32800007
2017-11-28,229.60108948,147.94895935,98.55242157,122.80999756,0.69202238,2.33800006
2017-11-29,229.46131897,145.36959839,97.58086395,122.04000092,0.69011205,2.37599993
2017-11-30,231.47027588,146.58839417,97.25433350,121.09999847,0.68847764,2.41700006
2017-12-01,230.98986816,145.96479797,98.56681061,121.58999634,0.68318146,2.36199999
2017-12-04,230.71037292,144.28306580,98.61354828,121.18000031,0.68552780,2.37899995
2017-12-05,229.88055420,144.37759399,99.10418701,120.31999969,0.68679905,2.35599995
2017-12-06,229.92419434,145.02947998,99.44690704,120.06999969,0.68751204,2.32999992
2017-12-07,230.64920044,145.52075195,98.66802216,118.48999786,0.68860090,2.37599993
2017-12-08,231.90696716,146.16322327,98.67582703,118.48000336,0.68271965,2.38299990
2017-12-11,232.60575867,147.29701233,98.47333527,118.01000214,0.68425196,2.38499999
2017-12-12,233.01618958,147.09855652,98.43434906,118.15000153,0.69096082,2.40300012
2017-12-13,232.99000549,147.38206482,99.17427063,119.16999817,0.69382769,2.34899998
2017-12-14,232.03800964,147.27818298,99.59488678,118.93000031,0.70242971,2.34599996
2017-12-15,233.97023010,148.95043945,99.96875763,119.18000031,0.69895858,2.35500002
2017-12-18,235.45391846,150.19924927,99.05749512,119.73000336,0.69984883,2.39199996
2017-12-19,234.54965210,149.30928040,97.77233124,119.81999969,0.69948167,2.46300006
2017-12-20,234.42675781,149.14831543,96.68968201,120.13999939,0.69709241,2.49699998
2017-12-21,234.90957642,149.16723633,97.25325775,120.30999756,0.70163125,2.48099995
2017-12-22,234.84809875,148.99682617,97.38595581,120.94000244,0.70142949,2.48499990
2017-12-26,234.56723022,148.19210815,97.67475128,121.76999664,0.70279992,2.46700001
2017-12-27,234.68132019,148.21096802,98.94698334,122.23000336,0.70324969,2.41400003
2017-12-28,235.16416931,148.39088440,98.86111450,122.84999847,0.70696861,2.43199992
2017-12-29,234.27746582,147.47248840,99.01718140,123.65000153,0.70934057,2.40499997
2018-01-02,235.95431519,150.05723572,97.94789886,125.15000153,0.70881772,2.46499991
2018-01-03,237.44673157,151.51528931,98.41619873,124.81999969,0.71002054,2.44700003
2018-01-04,238.44749451,151.78038025,98.40061951,125.45999908,0.70901871,2.45300007
2018-01-05,240.03657532,153.30474854,98.11960602,125.33000183,0.71559936,2.47600007
2018-01-08,240.47552490,153.90124512,98.05716705,125.30999756,0.71704125,2.48000002
2018-01-09,241.01983643,153.91067505,96.74595642,124.73000336,0.71754026,2.54600000
2018-01-10,240.65112305,153.55088806,96.62880707,125.02999878,0.71444899,2.54999995
2018-01-11,242.40686035,154.60186768,97.02690125,125.44000244,0.72064799,2.53099990
2018-01-12,243.98709106,155.73800659,97.19081116,126.95999908,0.72607934,2.55200005
2018-01-16,243.15309143,155.29302979,97.59669495,127.16999817,0.72966075,2.54399991
2018-01-17,245.47076416,156.96881104,97.46401215,126.13999939,0.72689211,2.57800007
2018-01-18,245.05824280,156.99722290,96.55852509,125.86000061,0.72728860,2.61100006
2018-01-19,246.17308044,157.48959351,96.05115509,126.41999817,0.72965008,2.63700008
2018-01-22,248.17468262,159.17486572,96.14488983,126.65000153,0.72883111,2.66499996
2018-01-23,248.70150757,160.49092102,96.55852509,127.27999878,0.73190904,2.62400007
2018-01-24,248.60487366,159.44941711,96.03560638,128.83000183,0.73629028,2.65400004
2018-01-25,248.71015930,159.39263916,96.82395172,127.97000122,0.73371875,2.62100005
2018-01-26,251.58975220,161.83534241,96.46490479,128.07000732,0.73107964,2.66199994
2018-01-29,249.92175293,161.04951477,95.79365540,127.34999847,0.73626864,2.69899988
2018-01-30,247.35829163,159.72402954,95.23167419,126.80000305,0.73250949,2.72600007
2018-01-31,247.48120117,160.38671875,95.79365540,127.65000153,0.73398805,2.72000003
2018-02-01,247.20016479,159.02339172,94.40532684,128.07000732,0.73758823,2.77300000
2018-02-02,241.81869507,155.85163879,93.52933502,126.38999939,0.73979270,2.85400009
2018-02-05,231.70523071,149.70695496,94.41311646,126.70999908,0.72822076,2.79399991
2018-02-06,236.27027893,153.67399597,93.82656097,125.37999725,0.72669142,2.76799989
2018-02-07,234.98858643,151.68572998,92.93487549,124.79000092,0.73315930,2.84400010
2018-02-08,226.17446899,145.28540039,92.83325195,124.98000336,0.72275221,2.85100007
2018-02-09,229.57192993,147.79443359,92.24658966,124.76999664,0.72261125,2.82900000
2018-02-12,232.94306946,150.41694641,92.65332031,125.37000275,0.72466916,2.85700011
2018-02-13,233.52255249,151.19340515,93.06787109,126.08000183,0.72630084,2.83999991
2018-02-14,236.67417908,154.02429199,92.03541565,128.22999573,0.72826850,2.91300011
2018-02-15,239.69418335,156.88360596,92.34828949,128.38000488,0.73744136,2.89100003
2018-02-16,239.76435852,156.18295288,92.84884644,127.95999908,0.73989123,2.87700009
2018-02-20,238.26319885,156.49545288,92.44216156,126.23999786,0.73638785,2.89299989
2018-02-21,237.07801819,156.05046082,91.30806732,125.66000366,0.73423058,2.94300008
2018-02-22,237.38531494,156.03146362,91.58178711,126.30000305,0.73167878,2.91700006
2018-02-23,241.16906738,159.22218323,92.39521027,126.13999939,0.73240221,2.87100005
2018-02-26,243.96951294,161.33354187,92.42651367,126.44999695,0.72790796,2.85899997
2018-02-27,240.92317200,159.33578491,92.29354095,125.12999725,0.72913933,2.90799999
2018-02-28,238.48271179,158.31332397,92.88019562,125.00000000,0.72352093,2.86800003
2018-03-01,235.01492310,155.72853088,93.51417542,124.72000122,0.72076225,2.80399990
2018-03-02,236.22636414,157.15818787,92.75396729,125.38999939,0.72614259,2.85700011
2018-03-05,238.95675659,158.90031433,92.50318146,125.18000031,0.72306055,2.88100004
2018-03-06,239.56254578,159.57252502,92.58937073,126.52999878,0.72251201,2.87700009
2018-03-07,239.47468567,159.94174194,92.48751831,125.72000122,0.72830027,2.88299990
2018-03-08,240.63351440,160.82221985,93.02046204,125.41999817,0.72869831,2.86599994
2018-03-09,244.82122803,163.94670105,92.40915680,125.54000092,0.72604764,2.89400005
2018-03-12,244.51383972,164.81779480,92.94207764,125.54000092,0.73083389,2.86999989
2018-03-13,242.93362427,162.57382202,93.41232300,125.77999878,0.73011887,2.84800005
2018-03-14,241.68698120,162.54542542,94.23517609,125.69999695,0.73298734,2.81699991
2018-03-15,241.42361450,162.40342712,94.23517609,124.90000153,0.73155028,2.82599998
2018-03-16,241.68544006,161.92054749,93.89820099,124.59999847,0.72708768,2.84800005
2018-03-19,238.41535950,158.46578979,93.60040283,124.87000275,0.72275221,2.84500003
2018-03-20,238.82081604,158.98733521,93.22420502,124.30999756,0.72430176,2.87899995
2018-03-21,238.36247253,158.29512024,93.32610321,126.48000336,0.71793181,2.90700006
2018-03-22,232.40406799,154.38792419,94.25086212,125.98000336,0.72308147,2.83200002
2018-03-23,227.45043945,150.31962585,94.18032074,127.61000061,0.72161007,2.82999992
2018-03-26,233.67330933,155.90531921,93.81984711,128.27999878,0.72409201,2.84299994
2018-03-27,229.69808960,150.86018372,94.82299042,127.48999786,0.73026818,2.78600001
2018-03-28,229.01937866,149.12475586,95.07379913,125.73000336,0.72700840,2.77500010
2018-03-29,231.94572449,151.85594177,95.53622437,125.79000092,0.72116256,2.74099994
2018-04-02,226.93928528,147.47470093,95.72464752,127.26000214,0.72358900,2.73200011
2018-04-03,229.84791565,149.13423157,94.98641205,126.30000305,0.72031057,2.78399992
2018-04-04,232.30705261,151.48605347,94.79007721,126.44999695,0.72637993,2.78800011
2018-04-05,234.14041138,152.34907532,94.08320618,125.80000305,0.73189831,2.83200002
2018-04-06,228.92248535,148.53678894,95.11208344,126.38999939,0.72627968,2.77500010
2018-04-09,230.05072021,149.57994080,95.26913452,126.81999969,0.72746849,2.78600001
2018-04-10,233.70857239,152.88012695,95.09638214,127.12000275,0.73075908,2.79699993
2018-04-11,232.48347473,151.99821472,95.43412018,128.11000061,0.73709893,2.78999996
2018-04-12,234.39607239,153.82847595,94.73507690,126.62000275,0.73686534,2.83400011
2018-04-13,233.70857239,153.03189087,94.95500946,127.44999695,0.73794204,2.82900000
2018-04-16,235.63005066,154.19833374,94.98641205,127.62999725,0.73487264,2.83200002
2018-04-17,238.15089417,157.51751709,95.24558258,127.75000000,0.73668081,2.81399989
2018-04-18,238.32717896,157.83990479,94.48371124,127.84999847,0.73406887,2.86700010
2018-04-19,237.00508118,156.38897705,93.71408844,127.59999847,0.73248273,2.91400003
2018-04-20,234.99543762,153.91381836,93.03865051,126.62999725,0.72600019,2.95099998
2018-04-23,234.96017456,153.52500916,93.06217957,125.62000275,0.72041959,2.97300005
2018-04-24,231.79595947,150.27223206,92.63806915,126.23000336,0.71505183,2.98300004
2018-04-25,232.36878967,150.45243835,92.01759338,125.41000366,0.71176910,3.02399993
2018-04-26,234.73101807,153.61985779,92.66162872,124.97000122,0.70765901,2.99000001
2018-04-27,234.95130920,153.71461487,93.37632751,125.50000000,0.70654899,2.95700002
2018-04-30,233.14443970,152.62409973,93.54125977,124.58999634,0.70841098,2.93600011
2018-05-01,233.55871582,154.36900330,93.20438385,123.70999908,0.70376939,2.97600007
2018-05-02,231.98980713,153.45860291,93.10202026,123.65000153,0.70009869,2.96399999
2018-05-03,231.47854614,153.43968201,93.51924896,124.27999878,0.69950128,2.94600010
2018-05-04,234.47541809,156.35104370,93.66091919,124.54000092,0.70408154,2.94400001
2018-05-07,235.26869202,157.65026855,93.51137543,124.56999969,0.70200074,2.95000005
2018-05-08,235.26869202,157.48902893,93.42479706,124.58999634,0.70229155,2.96900010
2018-05-09,237.54269409,159.20549011,92.86592102,124.33000183,0.69691265,3.00399995
2018-05-10,239.76387024,160.85562134,93.61370087,125.18000031,0.69313997,2.97099996
2018-05-11,240.49557495,160.70387268,93.84983826,125.00000000,0.69637883,2.97099996
2018-05-14,240.61009216,160.97889709,93.35391235,124.48999786,0.69682044,2.99499989
2018-05-15,238.95306396,159.19598389,92.29133606,122.48000336,0.69180214,3.07999992
2018-05-16,239.95783997,160.24867249,91.93709564,122.29000092,0.68636066,3.09500003
2018-05-17,239.75508118,159.63221741,91.47268677,122.36000061,0.69047898,3.10899997
2018-05-18,239.15579224,158.80723572,92.25984192,122.41000366,0.68847764,3.06699991
2018-05-21,240.95375061,159.69859314,92.30704498,122.48000336,0.69143862,3.06500006
2018-05-22,240.28401184,159.48994446,92.16535187,122.41000366,0.69533771,3.06500006
2018-05-23,240.94497681,160.83659363,92.83441925,122.54000092,0.69420338,3.00300002
2018-05-24,240.45147705,160.78921509,93.57434082,123.58999634,0.69290948,2.98099995
2018-05-25,239.87846375,160.95043945,94.15678406,123.20999908,0.69313997,2.93099999
2018-05-29,237.11968994,160.23918152,96.21911621,123.19000244,0.69400108,2.76799989
2018-05-30,240.28401184,161.38662720,95.57363892,123.37000275,0.68894243,2.84200001
2018-05-31,238.81193542,161.28231812,95.41625977,123.09999847,0.69846058,2.82200003
2018-06-01,241.15653992,163.81440735,94.91206360,122.48999786,0.70065790,2.89499998
2018-06-04,242.30239868,165.29376221,94.22565460,122.37000275,0.69808030,2.93700004
2018-06-05,242.47872925,165.80584717,94.44657898,122.84999847,0.70317060,2.91899991
2018-06-06,244.50596619,166.77317810,93.68128204,122.91999817,0.70296794,2.97499990
2018-06-07,244.47953796,165.41705322,94.58857727,122.86000061,0.70390809,2.93300009
2018-06-08,245.20225525,165.42657471,94.30458069,123.01000214,0.70188248,2.93700004
2018-06-11,245.52839661,165.87223816,94.13099670,123.23000336,0.70337832,2.95700002
2018-06-12,245.84585571,166.74472046,94.15468597,122.81999969,0.70174950,2.95700002
2018-06-13,245.06123352,166.73521423,94.10730743,123.19000244,0.70054996,2.97700000
2018-06-14,245.67823792,168.42327881,94.88838959,123.37999725,0.70259255,2.94600010
2018-06-15,245.36477661,167.83529663,94.97520447,121.33999634,0.69619942,2.92400002
2018-06-18,244.86015320,167.73832703,94.88838959,121.11000061,0.69389993,2.92600012
2018-06-19,243.92167664,167.26316833,95.44067383,120.80000305,0.69313043,2.89299989
2018-06-20,244.33778381,168.45108032,94.60438538,120.26000214,0.69047898,2.92799997
2018-06-21,242.80610657,166.98754883,95.10140991,120.05000305,0.68693113,2.89700007
2018-06-22,243.24873352,166.61692810,95.09354401,120.33999634,0.68709636,2.90000010
2018-06-25,239.93753052,162.86302185,95.30656433,119.88999939,0.69156772,2.87500000
2018-06-26,240.46871948,163.52828979,95.44067383,119.26000214,0.68891871,2.88000011
2018-06-27,238.47659302,161.30439758,96.34008789,118.58000183,0.68505818,2.82699990
2018-06-28,239.84007263,162.69195557,96.36378479,118.22000122,0.67914021,2.84699988
2018-06-29,240.18540955,163.12908936,96.03240967,118.65000153,0.67526048,2.84899998
2018-07-02,240.69889832,164.22201538,95.95727539,117.45999908,0.67784202,2.86599994
2018-07-03,239.84890747,162.32128906,96.47129822,118.65000153,0.67109138,2.83800006
2018-07-05,241.80557251,164.33605957,96.74803162,119.05000305,0.67619193,2.83999991
2018-07-06,243.85089111,166.89253235,97.06430054,118.86000061,0.67955095,2.83100009
2018-07-09,246.04661560,168.39411926,96.43966675,119.15000153,0.68353164,2.85999990
2018-07-10,246.93188477,168.51765442,96.43169403,118.93000031,0.68497843,2.87299991
2018-07-11,245.12580872,167.66230774,96.80339050,117.63999939,0.68174225,2.84200001
2018-07-12,247.34809875,170.55140686,96.79548645,118.12999725,0.67557073,2.85299993
2018-07-13,247.54286194,170.69392395,97.04061127,117.61000061,0.67720854,2.83100009
2018-07-16,247.32154846,170.28532410,96.63732147,117.55000305,0.67657167,2.85800004
2018-07-17,248.32194519,171.32122803,96.45544434,116.27999878,0.67851812,2.86400008
2018-07-18,248.84434509,170.99803162,96.06800842,116.30999756,0.67741501,2.87500000
2018-07-19,247.90591431,170.14277649,96.67684937,115.80999756,0.67932934,2.84699988
2018-07-20,247.62255859,170.10475159,95.49075317,116.55999756,0.67483211,2.89499998
2018-07-23,248.08293152,170.64646912,94.31251526,116.00000000,0.68216079,2.96499991
2018-07-24,249.33129883,171.34971619,94.63675690,116.04000092,0.67832017,2.94899988
2018-07-25,251.45628357,173.74459839,94.48651123,116.68000031,0.68050361,2.93600011
2018-07-26,250.86300659,171.11213684,94.30463409,115.76999664,0.68448144,2.97499990
2018-07-27,249.16313171,168.80274963,94.46276093,115.83000183,0.67861944,2.96000004
2018-07-30,247.86172485,166.41735840,94.13857269,115.65000153,0.67966181,2.97499990
2018-07-31,249.08335876,167.69081116,94.65249634,115.98999786,0.68236095,2.96399999
2018-08-01,248.66726685,168.32757568,93.88142395,115.13999939,0.68034154,3.00300002
2018-08-02,250.02192688,170.61795044,94.01618958,114.51999664,0.67950016,2.98600006
2018-08-03,251.09321594,171.14060974,94.48375702,114.91999817,0.67376816,2.95300007
2018-08-06,252.01405334,172.14799500,94.53919220,114.33000183,0.67459995,2.93799996
2018-08-07,252.84628296,172.77525330,94.04782867,114.58999634,0.67302901,2.97300005
2018-08-08,252.73995972,172.98434448,94.14296722,114.91000366,0.67405885,2.97099996
2018-08-09,252.39477539,172.87977600,94.93546295,114.73999786,0.66946948,2.93499994
2018-08-10,250.70364380,171.55882263,95.62494659,114.69000244,0.66068965,2.85700011
2018-08-13,249.76515198,171.36874390,95.42684174,112.95999908,0.65850127,2.87700009
2018-08-14,251.35884094,172.44259644,95.21286774,113.06999969,0.65754867,2.89499998
2018-08-15,249.48185730,170.33280945,95.76760864,111.19000244,0.65713817,2.85200000
2018-08-16,251.50054932,170.89350891,95.75965881,111.09999847,0.65581942,2.87100005
2018-08-17,252.38583374,170.93153381,95.87857056,112.12999725,0.65848821,2.87299991
2018-08-20,252.92604065,170.77949524,96.52052307,112.69000244,0.66257197,2.82299995
2018-08-21,253.51918030,171.40673828,96.19558716,113.01999664,0.66408122,2.84400010
2018-08-22,253.36868286,172.07200623,96.57596588,113.26999664,0.67032218,2.82299995
2018-08-23,253.03224182,171.82493591,96.72659302,112.19999695,0.66971159,2.82100010
2018-08-24,254.55506897,173.42149353,96.91680145,114.16000366,0.66260272,2.82599998
2018-08-27,256.56484985,175.18917847,96.36199188,114.58999634,0.67019188,2.84800005
2018-08-28,256.68884277,175.44575500,95.78347778,113.68000031,0.67043000,2.88400006
2018-08-29,258.07003784,177.47000122,95.91022491,114.19999695,0.67132121,2.88400006
2018-08-30,257.02523804,177.15643311,96.11631012,113.63999939,0.67131215,2.85999990
2018-08-31,257.03408813,177.38453674,95.89442444,113.51000214,0.66487151,2.85299993
2018-09-04,256.59136963,176.62420654,95.34001160,112.93000031,0.66089481,2.90199995
2018-09-05,255.90089417,174.34333801,95.08581543,113.31999969,0.65539390,2.90199995
2018-09-06,255.13061523,172.78474426,95.43534088,113.54000092,0.65984827,2.87899995
2018-09-07,254.63476562,172.11952209,94.62512207,113.23000336,0.65831918,2.94199991
2018-09-10,255.07748413,172.69921875,94.97462463,113.15000153,0.65371013,2.93700004
2018-09-11,255.91853333,174.02969360,94.25180817,113.22000122,0.65208179,2.97700000
2018-09-12,255.98048401,173.51655579,94.47420502,114.16999817,0.65163559,2.96300006
2018-09-13,257.49450684,175.36968994,94.61715698,113.76000214,0.65615076,2.96300006
2018-09-14,257.53875732,174.85652161,94.16442108,113.01999664,0.65738004,2.99399996
2018-09-17,256.17532349,172.33805847,94.16442108,113.61000061,0.65423191,3.00099993
2018-09-18,257.56536865,173.76361084,93.17949677,113.44000244,0.65640056,3.04800010
2018-09-19,257.83987427,173.63055420,92.62351227,113.87999725,0.65893513,3.08299994
2018-09-20,259.92926025,175.55026245,93.05240631,114.26999664,0.66436797,3.07800007
2018-09-21,259.69186401,174.59045410,93.01269531,113.48999786,0.66819906,3.06800008
2018-09-24,258.82916260,175.07598877,92.77442932,113.47000122,0.66858327,3.07800007
2018-09-25,258.58905029,175.31408691,92.67906952,113.65000153,0.66421789,3.10200000
2018-09-26,257.81524658,175.43777466,93.33041382,113.05000305,0.66446066,3.06100011
2018-09-27,258.53561401,176.92303467,93.39395905,112.05000305,0.66635126,3.05599999
2018-09-28,258.56234741,176.88487244,93.14772797,112.76000214,0.66180897,3.05599999
2018-10-01,259.46063232,177.24667358,92.46389771,112.56999969,0.66234815,3.07999992
2018-10-02,259.30944824,176.84684753,93.02912140,113.87000275,0.66045839,3.05599999
2018-10-03,259.45162964,177.03726196,91.41309357,113.41999817,0.65899163,3.16100001
2018-10-04,257.42388916,173.63836670,90.76822662,113.48000336,0.65019929,3.19700003
2018-10-05,255.98306274,171.51522827,89.98806000,113.80000305,0.64815956,3.22499990
2018-10-08,255.98306274,170.46798706,89.68554688,112.54000092,0.64372021,3.23300004
2018-10-09,255.60955811,171.02017212,90.59313202,112.59999847,0.64516133,3.20799994
2018-10-10,247.51611328,163.49879456,90.34632874,112.87999725,0.64880294,3.22499990
2018-10-11,242.06417847,161.47090149,91.44492340,115.77999878,0.64609081,3.13299990
2018-10-12,245.42617798,165.96470642,91.12649536,115.23000336,0.65275854,3.14100003
2018-10-15,244.04751587,163.95584106,91.08664703,116.00000000,0.65008938,3.16300011
2018-10-16,249.38391113,168.72570801,91.29365540,115.80000305,0.65729803,3.15599990
2018-10-17,249.42837524,168.79232788,90.75236511,115.79000092,0.65830183,3.17899990
2018-10-18,245.82627869,164.87930298,90.72051239,115.91999817,0.65451878,3.17499995
2018-10-19,245.69296265,164.72698975,90.52148438,116.01000214,0.65388113,3.19799995
2018-10-22,244.59008789,165.57437134,90.40206909,115.70999908,0.65944791,3.19600010
2018-10-23,243.34483337,164.96505737,90.68864441,116.38999939,0.65541106,3.16599989
2018-10-24,235.97193909,157.41508484,91.37329865,116.66000366,0.65535957,3.12400007
2018-10-25,240.20535278,162.86091614,90.99115753,116.40000153,0.65107983,3.13599992
2018-10-26,235.98078918,158.67179871,91.54046631,116.76999664,0.65286082,3.07699990
2018-10-29,234.67338562,155.40626526,91.33348083,116.30999756,0.65291196,3.08699989
2018-10-30,238.15087891,157.96728516,90.87971497,115.80000305,0.65278834,3.10999990
2018-10-31,240.69461060,161.68037415,90.41797638,115.15000153,0.65590113,3.15899992
2018-11-01,243.25599670,163.81298828,90.50177765,116.62999725,0.65254986,3.14400005
2018-11-02,241.81517029,161.26147461,89.37660217,116.65000153,0.66512805,3.21399999
2018-11-05,243.14929199,160.86158752,89.72768402,116.37000275,0.66492015,3.20099998
2018-11-06,244.68791199,162.08024597,89.67183685,116.04000092,0.66605836,3.21399999
2018-11-07,249.92636108,167.16432190,89.79158020,116.02999878,0.67414969,3.21300006
2018-11-08,249.47276306,166.09800720,89.78358459,115.77999878,0.67850894,3.23399997
2018-11-09,247.03588867,163.29890442,90.45389557,114.48000336,0.67517847,3.18899989
2018-11-12,242.41992188,158.35762024,91.04440308,113.66000366,0.67302901,3.18600011
2018-11-13,241.96632385,158.49093628,90.98855591,113.69999695,0.67183083,3.14499998
2018-11-14,240.31207275,157.28181458,91.04440308,114.63999939,0.67700225,3.11999989
2018-11-15,242.82014465,160.03326416,91.00450134,114.76999664,0.67925555,3.11800003
2018-11-16,243.45164490,159.47158813,91.53118134,115.62000275,0.68249136,3.07399988
2018-11-19,239.33378601,154.29232788,91.78656006,115.66999817,0.68623817,3.05699992
2018-11-20,234.90457153,151.53129578,91.81849670,115.66999817,0.68408811,3.04800010
2018-11-21,235.70501709,152.68333435,91.78656006,115.86000061,0.67910790,3.06100011
2018-11-23,234.13088989,151.57896423,91.88235474,115.76999664,0.68088812,3.05399990
2018-11-26,237.91072083,155.08253479,91.67486572,115.63999939,0.67728192,3.07200003
2018-11-27,238.71118164,155.60617065,91.77856445,114.94999695,0.67763990,3.05500007
2018-11-28,244.20761108,160.61405945,91.33169556,115.37999725,0.67986971,3.04399991
2018-11-29,243.67402649,160.09043884,91.69079590,115.73999786,0.68693113,3.03500009
2018-11-30,245.15924072,161.25192261,92.03395081,115.54000092,0.68658209,3.01300001
2018-12-03,248.40547180,164.07006836,92.68743896,116.41000366,0.69110888,2.99200010
2018-12-04,240.35659790,157.77691650,94.23914337,117.12000275,0.69279903,2.92400002
2018-12-06,239.99188232,158.89080811,94.53510284,117.13999939,0.68944126,2.87599993
2018-12-07,234.41552734,153.64491272,94.71108246,118.08999634,0.68827862,2.84999990
2018-12-10,234.86016846,155.25393677,95.10299683,117.68000031,0.68450958,2.85599995
2018-12-11,234.91354370,155.76802063,95.08702087,117.54000092,0.68746001,2.87899995
2018-12-12,236.09645081,157.13899231,94.66306305,117.79000092,0.68880010,2.90599990
2018-12-13,236.01635742,157.18661499,94.43911743,117.52999878,0.68594164,2.91100001
2018-12-14,231.65837097,153.35928345,94.76706696,117.05999756,0.68570179,2.89100003
2018-12-17,227.11358643,149.88426208,95.31896210,117.87000275,0.67924172,2.85700011
2018-12-18,226.86456299,150.82678223,95.88981628,118.15000153,0.68099016,2.82500005
2018-12-19,223.46711731,147.12322998,97.15658569,117.43000031,0.68526942,2.77800012
2018-12-20,219.82958984,144.99061584,96.80381012,119.23999786,0.67778230,2.78900003
2018-12-21,215.32537842,140.49682617,96.78778076,118.72000122,0.67746091,2.79200006
2018-12-24,209.63584900,137.01278687,97.26882172,120.01999664,0.67179018,2.74900007
2018-12-26,220.22764587,145.56777954,96.22656250,119.66000366,0.67302001,2.79699993
2018-12-27,221.91839600,146.13108826,96.24263000,120.56999969,0.67398167,2.74300003
2018-12-28,221.63212585,146.05470276,97.05233765,121.05999756,0.67002124,2.73600006
2018-12-31,223.57341003,147.28634644,97.42117310,121.25000000,0.67077178,2.68600011
2019-01-02,223.80596924,147.87834167,97.93427277,121.33000183,0.67136168,2.66100001
2019-01-03,218.46533203,143.04711914,99.04875183,122.43000031,0.66335869,2.55399990
2019-01-04,225.78294373,149.16726685,97.90217590,121.44000244,0.66885155,2.65899992
2019-01-07,227.56318665,150.94322205,97.61357117,121.86000061,0.67434973,2.68199992
2019-01-08,229.70120239,152.30862427,97.35704041,121.52999878,0.67536992,2.71600008
2019-01-09,230.77476501,153.54977417,97.20469666,122.30999756,0.67404979,2.72799993
2019-01-10,231.58882141,153.98905945,96.57932281,121.58999634,0.67910790,2.73099995
2019-01-11,231.67829895,153.42568970,96.95618439,121.80000305,0.67851812,2.70099998
2019-01-14,230.26483154,152.06988525,96.59532928,122.08999634,0.68217480,2.71000004
2019-01-15,232.90385437,155.03930664,96.24263000,121.87999725,0.68268704,2.71099997
2019-01-16,233.46745300,155.01065063,96.33882141,122.26999664,0.68236095,2.73099995
2019-01-17,235.23870850,156.23281860,96.36285400,122.11000061,0.67737830,2.74900007
2019-01-18,238.36972046,157.77955627,95.85774994,121.01999664,0.67632914,2.78399992
2019-01-22,235.14926147,154.61918640,96.50715637,121.44999695,0.67299277,2.73000002
2019-01-23,235.64122009,154.81970215,96.46709442,121.27999878,0.67520124,2.75500011
2019-01-24,235.76649475,155.82217407,97.10044098,121.08999634,0.67938936,2.71199989
2019-01-25,237.76141357,157.68406677,96.63546753,122.86000061,0.67600912,2.75300002
2019-01-28,235.95439148,155.73629761,96.53924561,123.29000092,0.68394774,2.74399996
2019-01-29,235.64122009,154.26589966,97.02829742,123.98000336,0.68335885,2.71199989
2019-01-30,239.37165833,158.19009399,96.95618439,124.69000244,0.68230045,2.69499993
2019-01-31,241.47386169,160.55796814,97.79000092,124.75000000,0.68998826,2.63499999
2019-02-01,241.59014893,159.88009644,97.19936371,124.50000000,0.69141948,2.69099998
2019-02-04,243.28988647,161.86605835,96.76542664,123.95999908,0.68984073,2.72399998
2019-02-05,244.30973816,163.29820251,97.20739746,124.27999878,0.68780994,2.70199990
2019-02-06,243.98760986,162.81134033,97.25558472,123.44000244,0.69021207,2.70199990
2019-02-07,241.66181946,160.62478638,97.89843750,123.73999786,0.67697018,2.65199995
2019-02-08,241.95700073,160.93992615,98.31632996,124.20999908,0.67471832,2.63199997
2019-02-11,242.09120178,160.78713989,97.93059540,123.59999847,0.67604113,2.66100001
2019-02-12,245.20431519,163.16458130,97.68151093,123.86000061,0.67376816,2.68400002
2019-02-13,246.00045776,163.27912903,97.31183624,123.37000275,0.67414969,2.70799994
2019-02-14,245.45471191,163.47964478,97.86630249,124.05999756,0.68080932,2.65700006
2019-02-15,248.12956238,164.16716003,98.01901245,124.80000305,0.68326080,2.66599989
2019-02-19,248.55900574,164.49176025,98.26808167,126.69999695,0.68565947,2.64700007
2019-02-20,249.05981445,164.46311951,97.98689270,126.48000336,0.68799448,2.65400004
2019-02-21,248.17425537,163.86158752,97.11091614,125.05000305,0.68583810,2.68799996
2019-02-22,249.71310425,165.07420349,97.68952942,125.50000000,0.68143100,2.65499997
2019-02-25,250.05279541,165.67567444,97.40025330,125.37000275,0.68658209,2.67300010
2019-02-26,249.87400818,165.84753418,97.88235474,125.58000183,0.68859142,2.63599992
2019-02-27,249.76669312,165.74255371,96.77343750,124.69000244,0.68957907,2.69300008
2019-02-28,249.30149841,165.36059570,96.44401550,123.98999786,0.68535870,2.71099997
2019-03-01,250.85798645,166.50634766,95.55258179,121.87999725,0.68219805,2.75500011
2019-03-04,249.94557190,166.53498840,96.30146790,121.55999756,0.68229115,2.72199988
2019-03-05,249.60563660,166.65907288,96.50279999,121.72000122,0.68237031,2.72199988
2019-03-06,248.09373474,165.71389771,96.85710144,121.61000061,0.68009168,2.69199991
2019-03-07,246.01840210,163.68009949,97.48518372,121.51000214,0.67713976,2.63599992
2019-03-08,245.52636719,163.43190002,97.89588928,122.83999634,0.67648011,2.62500000
2019-03-11,249.08677673,166.83097839,97.60601807,122.23999786,0.68068886,2.64299989
2019-03-12,250.02607727,167.74754333,98.29045868,122.98000336,0.68371391,2.60500002
2019-03-13,251.68096924,169.00793457,98.10522461,123.83999634,0.68538213,2.61100006
2019-03-14,251.52005005,168.72149658,97.39660645,122.41000366,0.68583810,2.63000011
2019-03-15,252.76263428,170.28733826,98.04084015,122.97000122,0.68371391,2.59299994
2019-03-18,253.67912292,170.69290161,97.98446655,123.04000092,0.68435961,2.60200000
2019-03-19,253.74203491,171.26681519,97.76705933,123.37999725,0.68460327,2.61400008
2019-03-20,252.97822571,171.94599915,98.78971863,124.18000031,0.68558890,2.53500009
2019-03-21,255.83563232,174.63381958,99.00714111,123.68000031,0.69189787,2.53699994
2019-03-22,250.91172791,170.79812622,100.54515076,123.97000122,0.68822181,2.45499992
2019-03-25,250.72303772,170.47288513,100.70625305,124.91999817,0.68774843,2.42000008
2019-03-26,252.59191895,171.26681519,100.63381195,124.30000305,0.69127131,2.41400003
2019-03-27,251.27110291,170.16679382,101.55985260,123.65000153,0.69081765,2.37400007
2019-03-28,252.22357178,170.55900574,101.91414642,121.90000153,0.67982811,2.38899994
2019-03-29,253.81404114,171.85032654,101.81750488,122.01000214,0.67818218,2.41400003
2019-04-01,256.82400513,174.12681580,100.37134552,121.52999878,0.68241221,2.49699998
2019-04-02,256.94979858,174.78683472,100.55694580,121.98000336,0.67902493,2.48099995
2019-04-03,257.35415649,175.79122925,99.68533325,121.80000305,0.67522854,2.51699996
2019-04-04,258.03704834,175.72428894,99.96775818,122.11000061,0.67897880,2.51200008
2019-04-05,259.28594971,176.63301086,100.09690857,121.98000336,0.67579895,2.50099993
2019-04-08,259.48361206,177.08253479,99.74182129,122.51000214,0.67317402,2.51900005
2019-04-09,258.15393066,176.46076965,100.05659485,123.15000153,0.67394078,2.49900007
2019-04-10,259.03439331,177.40773010,100.29866791,123.52999878,0.67526048,2.47700000
2019-04-11,258.96249390,176.98690796,99.70953369,121.94999695,0.67685103,2.50399995
2019-04-12,260.71459961,177.75210571,98.99936676,121.83000183,0.67245877,2.55999994
2019-04-15,260.54379272,177.78077698,99.24956512,121.59999847,0.67686933,2.55299997
2019-04-16,260.71459961,178.39295959,98.62810516,120.51000214,0.67675942,2.59200001
2019-04-17,260.07666016,179.01473999,98.66847992,120.27999878,0.67101932,2.59200001
2019-04-18,260.58880615,179.24427795,99.18497467,120.37000275,0.67264873,2.55999994
2019-04-22,260.81344604,179.75123596,98.70883942,120.37000275,0.66862798,2.58999991
2019-04-23,263.15863037,182.03736877,98.91864777,120.12000275,0.66831070,2.56999993
2019-04-24,262.57455444,181.46340942,99.72567749,120.47000122,0.66543788,2.52200007
2019-04-25,262.41275024,182.19996643,99.58044434,120.56999969,0.65954792,2.53399992
2019-04-26,263.63476562,182.36254883,99.91936493,121.37000275,0.66331911,2.50500011
2019-04-29,264.04818726,182.71647644,99.28182220,120.83000183,0.66672003,2.53600001
2019-04-30,264.18289185,181.30085754,99.79026031,121.19999695,0.66702241,2.50900006
2019-05-01,262.19714355,180.71731567,100.20188141,120.40000153,0.66560167,2.51099992
2019-05-02,261.63107300,179.93298340,99.72475433,119.94000244,0.66279155,2.55200005
2019-05-03,264.19186401,182.80259705,100.00778961,120.65000153,0.66162944,2.53099990
2019-05-06,263.10467529,181.68342590,100.28273773,120.80999756,0.66075951,2.50000000
2019-05-07,258.71084595,178.14424133,101.05104065,121.20999908,0.66079879,2.44799995
2019-05-08,258.35147095,177.69474792,100.61437988,120.91000366,0.65966976,2.48200011
2019-05-09,257.56982422,176.73818970,101.02676392,121.19999695,0.65845788,2.45700002
2019-05-10,258.86367798,176.95822144,100.88929749,121.43000031,0.65873116,2.45499992
2019-05-13,252.35838318,170.81726074,101.68189240,122.66999817,0.65916103,2.40499997
2019-05-14,254.64057922,172.69206238,101.38265991,122.45999908,0.65767843,2.41899991
2019-05-15,256.13214111,175.13125610,102.00536346,122.38999939,0.65712953,2.37899995
2019-05-16,258.50430298,176.89118958,101.66571045,121.51000214,0.65634024,2.40499997
2019-05-17,256.83297729,175.08332825,101.89212799,120.65000153,0.65353066,2.39299989
2019-05-20,255.13478088,172.12770081,101.68189240,120.63999939,0.65280116,2.41599989
2019-05-21,257.43499756,173.92602539,101.52014160,120.36000061,0.65403932,2.42600012
2019-05-22,256.64419556,173.15118408,102.10240173,120.23999786,0.65403932,2.39299989
2019-05-23,253.50848389,170.50158691,103.25078583,121.16999817,0.64951932,2.29600000
2019-05-24,254.08360291,170.41554260,103.33975983,121.30000305,0.65226036,2.32399988
2019-05-28,251.72030640,169.77464294,104.08380127,120.83000183,0.65465164,2.26799989
2019-05-29,250.03115845,168.37808228,104.39918518,120.87000275,0.65454876,2.23600006
2019-05-30,250.71409607,169.08592224,105.29691315,121.69000244,0.65144032,2.22700000
2019-05-31,247.33554077,166.38850403,106.61514282,123.33000183,0.65066886,2.14199996
2019-06-03,246.70666504,162.72499084,107.32828522,125.11000061,0.65341967,2.08100009
2019-06-04,252.06182861,167.30673218,106.10456085,125.15000153,0.65927833,2.11899996
2019-06-05,254.24517822,168.55029297,105.50489807,125.47000122,0.66096908,2.12299991
2019-06-06,255.89845276,169.88937378,105.84523010,125.87999725,0.66273445,2.12400007
2019-06-07,258.45932007,173.17030334,106.76098633,126.58999634,0.66190100,2.08400011
2019-06-10,259.64547729,175.18856812,105.75611877,125.33000183,0.66570807,2.14299989
2019-06-11,259.58239746,175.42770386,105.82096863,125.18000031,0.66141945,2.14000010
2019-06-12,259.12420654,174.41381836,105.90198517,125.83000183,0.65841889,2.12700009
2019-06-13,260.19335938,175.44685364,106.26666260,126.59999847,0.65770870,2.09100008
2019-06-14,259.90591431,174.70077515,106.53408051,126.55999756,0.65587103,2.09299994
2019-06-17,260.00476074,175.75296021,106.72050476,126.48000336,0.64989084,2.08599997
2019-06-18,262.72729492,178.30691528,107.25534058,127.12000275,0.64975995,2.05999994
2019-06-19,263.32040405,178.97644043,107.40927124,127.88999939,0.65345806,2.02900004
2019-06-20,265.83615112,180.64079285,107.69293213,131.11000061,0.65545833,2.00099993
2019-06-21,265.44979858,180.37297058,106.50977325,131.97999573,0.65847093,2.06800008
2019-06-24,265.12469482,180.37876892,107.30401611,133.94000244,0.65974808,2.02099991
2019-06-25,262.52441406,177.28231812,107.63628387,134.19999695,0.66240960,1.99399996
2019-06-26,262.26245117,178.10673523,106.94739532,132.97000122,0.66334110,2.04900002
2019-06-27,263.19250488,178.78739929,107.70107269,132.83999634,0.66806960,2.00500011
2019-06-28,264.54687500,179.01748657,107.62810516,133.19999695,0.67019188,2.00000000
2019-07-01,266.94857788,181.43327332,107.37641144,130.61999512,0.67231858,2.03399992
2019-07-02,267.64370728,182.15225220,108.20461273,133.41000366,0.66751218,1.97599995
2019-07-03,269.78366089,183.52307129,108.97601318,133.63000488,0.66788220,1.95299995
2019-07-05,269.47662354,183.14920044,107.53066254,132.13999939,0.66917831,2.04800010
2019-07-08,267.99581909,181.86466980,107.67681122,131.28999329,0.66310799,2.03399992
2019-07-09,268.32992554,182.77539062,107.63622284,131.75000000,0.66280037,2.05399990
2019-07-10,269.61196899,184.59680176,107.04354095,133.83000183,0.66014010,2.06100011
2019-07-11,270.24401855,184.46255493,105.61439514,132.69999695,0.66454893,2.11999989
2019-07-12,271.45394897,185.52664185,105.73619843,133.52999878,0.66637790,2.10599995
2019-07-15,271.54418945,186.12103271,106.34518433,133.52999878,0.66949195,2.09200001
2019-07-16,270.66845703,185.16238403,106.02851868,132.39999390,0.67244065,2.12199998
2019-07-17,268.82656860,184.25164795,107.17343140,134.58000183,0.67021883,2.06100011
2019-07-18,269.81060791,184.46255493,107.18156433,136.47999573,0.67335987,2.03800011
2019-07-19,268.31192017,183.11088562,106.92985535,134.47000122,0.67773175,2.04800010
2019-07-22,268.97100830,184.56803894,107.13277435,134.44999695,0.67608684,2.04299998
2019-07-23,270.89410400,185.77587891,106.54820251,133.69000244,0.67399067,2.07399988
2019-07-24,272.16717529,187.07966614,107.01099396,134.36999512,0.66994941,2.04999995
2019-07-25,270.86709595,185.30618286,106.49947357,133.41999817,0.67016941,2.07399988
2019-07-26,272.68191528,187.21388245,106.75115967,133.63999939,0.66604948,2.08100009
2019-07-29,272.18530273,186.57157898,106.78366852,134.52999878,0.66371977,2.05500007
2019-07-30,271.51715088,185.76632690,107.04354095,134.97999573,0.66309041,2.06100011
2019-07-31,268.54669189,183.19715881,107.90418243,133.21000671,0.66177833,2.02099991
2019-08-01,266.20812988,182.28643799,110.04721832,136.41000366,0.65527791,1.89400005
2019-08-02,264.20376587,179.60221863,111.06422424,135.88999939,0.65544969,1.85500002
2019-08-05,256.25836182,173.25602722,112.98426819,137.78999329,0.65227318,1.73500001
2019-08-06,259.85180664,175.68135071,113.88740540,138.91000366,0.65599149,1.73899996
2019-08-07,260.00537109,176.63044739,113.92809296,141.02000427,0.65324038,1.68400002
2019-08-08,265.10668945,180.47460938,114.17211914,141.72999573,0.64512801,1.71599996
2019-08-09,263.30081177,178.77778625,113.94435883,141.25999451,0.64857155,1.73399997
2019-08-12,260.09555054,176.72628784,116.32006836,142.63000488,0.64627874,1.63900006
2019-08-13,264.14053345,180.59927368,115.92136383,141.77999878,0.64482015,1.67999995
2019-08-14,256.33053589,175.20204163,118.53298950,142.75000000,0.64622027,1.58099997
2019-08-15,257.00762939,175.00071716,119.85108948,143.69999695,0.64389008,1.52900004
2019-08-16,260.79983521,177.80957031,118.89102936,142.77999878,0.64350891,1.53900003
2019-08-19,263.94192505,180.63755798,117.19058228,141.11000061,0.64266938,1.59800005
2019-08-20,261.91943359,179.23797607,118.40289307,142.21000671,0.64047962,1.56099999
2019-08-21,264.05023193,180.82928467,117.61370850,141.75999451,0.64114070,1.57700002
2019-08-22,263.96890259,180.24456787,116.83260345,141.39999390,0.64052880,1.61000001
2019-08-23,257.18823242,174.54061890,118.75273132,144.16999817,0.63883072,1.52800000
2019-08-26,260.03244019,177.17689514,118.27269745,144.19000244,0.63629830,1.54499996
2019-08-27,259.01205444,176.80294800,120.09511566,145.57000732,0.63869196,1.49000001
2019-08-28,260.83596802,177.43566895,120.24972534,145.16000366,0.63644809,1.46599996
2019-08-29,264.16763306,180.14868164,119.79409790,144.11999512,0.63372964,1.51600003
2019-08-30,264.05023193,179.71723938,119.82666016,143.75000000,0.63177979,1.50600004
2019-09-03,262.50625610,177.97253418,119.98149872,145.75000000,0.63052100,1.46599996
2019-09-04,265.48583984,180.54171753,120.16083527,146.66000366,0.63389033,1.45899999
2019-09-05,268.89886475,183.84899902,117.98470306,143.13999939,0.63565922,1.56500006
2019-09-06,269.10638428,183.66691589,118.82420349,141.91999817,0.63725930,1.54999995
2019-09-09,269.24185181,183.28343201,116.71323395,141.38999939,0.64271069,1.62199998
2019-09-10,269.17858887,182.75617981,114.66749573,140.17999268,0.64280158,1.70200002
2019-09-11,271.09286499,184.47212219,114.46369171,141.02999878,0.64180732,1.73300004
2019-09-12,272.03189087,185.23908997,113.71385956,141.32000732,0.64205873,1.79100001
2019-09-13,271.85122681,184.57759094,111.28504944,140.14999390,0.64022946,1.90300000
2019-09-16,271.01153564,183.75318909,112.70326233,141.32000732,0.63854110,1.84099996
2019-09-17,271.69769287,184.63508606,113.31451416,141.60000610,0.63430041,1.81200004
2019-09-18,271.86029053,184.55845642,113.79537964,140.71000671,0.63620108,1.78600001
2019-09-19,271.84219360,184.86515808,114.13768768,141.27999878,0.63211125,1.77400005
2019-09-20,270.55780029,182.90963745,115.64550781,142.94999695,0.62965947,1.75500000
2019-09-23,270.49435425,182.99024963,115.62105560,143.75000000,0.62673134,1.70799994
2019-09-24,268.37182617,180.55998230,117.01477051,144.50999451,0.62977844,1.63499999
2019-09-25,269.95922852,182.58683777,115.30321503,141.83000183,0.63183969,1.73199999
2019-09-26,269.39678955,181.91441345,116.04491425,141.78999329,0.62739980,1.68499994
2019-09-27,267.94543457,179.65701294,116.33013153,141.05999756,0.62983000,1.67499995
2019-09-30,269.18811035,181.36685181,116.61540985,138.86999512,0.62863827,1.67499995
2019-10-01,265.98623657,179.88761902,116.96643829,139.63000488,0.62622893,1.64400005
2019-10-02,261.28771973,176.79452515,117.25221252,141.25999451,0.62441069,1.59599996
2019-10-03,263.42831421,178.73486328,118.32185364,141.89999390,0.62669992,1.53600001
2019-10-04,266.99301147,181.36685181,119.19544983,141.89999390,0.63038981,1.51499999
2019-10-07,265.84100342,180.81935120,118.20754242,140.69000244,0.63166803,1.55299997
2019-10-08,261.71392822,178.11051941,118.52593994,141.91999817,0.62916821,1.53699994
2019-10-09,264.19924927,179.84916687,117.85643005,142.05000305,0.62986177,1.58899999
2019-10-10,265.98623657,181.24195862,116.10105133,140.80999756,0.62878841,1.65799999
2019-10-11,268.74368286,183.57617188,114.66408539,140.02999878,0.63261110,1.75199997
2019-10-14,268.44436646,183.55697632,115.49690247,140.58999634,0.63285935,1.73300004
2019-10-15,271.10202026,185.89120483,114.10068512,139.61000061,0.63060051,1.77100003
2019-10-16,270.66662598,185.43009949,114.23948669,140.41000366,0.62954849,1.74800003
2019-10-17,271.46484375,185.92007446,113.96187592,140.61000061,0.62880820,1.75699997
2019-10-18,270.27658081,184.13334656,113.96187592,140.46000671,0.63548148,1.74699998
2019-10-21,272.10885620,185.76632690,113.10462189,139.78999329,0.63859981,1.79200006
2019-10-22,271.21997070,184.28703308,113.76596069,140.19999695,0.64119828,1.76800001
2019-10-23,272.00909424,184.64244080,113.88022614,140.52999878,0.64118183,1.75899994
2019-10-24,272.45355225,186.43870544,113.65161896,141.52999878,0.64217001,1.76600003
2019-10-25,273.56918335,187.92761230,113.09643555,141.86000061,0.63777953,1.80100000
2019-10-28,275.11129761,189.78155518,112.06768036,140.63999939,0.63586938,1.85300004
2019-10-29,275.02957153,188.31185913,112.14120483,140.25000000,0.63538861,1.83500004
2019-10-30,275.87322998,189.22444153,113.78229523,141.02000427,0.63521099,1.79799998
2019-10-31,275.13842773,189.31089783,115.31725311,142.42999268,0.64095986,1.69099998
2019-11-01,277.68728638,191.03028870,114.96224213,142.55999756,0.64149851,1.72800004
2019-11-04,278.80288696,192.21179199,113.44920349,142.14999390,0.64350891,1.78600001
2019-11-05,278.49462891,192.31748962,112.17324829,139.85000610,0.64022946,1.86600006
2019-11-06,278.55810547,191.88519287,112.85206604,140.44999695,0.63742173,1.81400001
2019-11-07,279.53765869,192.52877808,110.80741119,138.27000427,0.63663852,1.92600000
2019-11-08,280.22705078,193.29721069,110.34121704,137.38999939,0.63809979,1.93299997
2019-11-11,279.69192505,193.03791809,110.41481781,137.05999756,0.63326812,1.94299996
2019-11-12,280.28155518,193.59498596,110.92192841,137.42999268,0.63648862,1.90900004
2019-11-13,280.37219238,193.64306641,111.64164734,137.97999573,0.63366133,1.87000000
2019-11-14,280.78039551,193.48939514,112.79488373,138.55999756,0.64153147,1.81500006
2019-11-15,282.81210327,194.91102600,112.67221069,138.21000671,0.63817841,1.83399999
2019-11-18,283.02087402,195.06477356,112.87665558,138.61999512,0.64018029,1.80799997
2019-11-19,282.93911743,195.35290527,113.81720734,138.69000244,0.63972163,1.78600001
2019-11-20,281.88693237,194.18099976,114.99501801,138.75999451,0.64314055,1.73800004
2019-11-21,281.43344116,193.74876404,114.27522278,138.00000000,0.64109957,1.77199996
2019-11-22,282.05929565,193.87362671,114.42247772,137.74000549,0.64069992,1.77400005
2019-11-25,284.24533081,196.16940308,114.75777435,137.08000183,0.64093113,1.76400006
2019-11-26,284.88940430,196.54402161,115.42846680,137.74000549,0.64151090,1.74000001
2019-11-27,286.15924072,197.91764832,115.09311676,137.00999451,0.64269829,1.76699996
2019-11-29,285.09799194,197.01469421,114.84777832,137.86000061,0.64200920,1.77600002
2019-12-02,282.67605591,194.99751282,113.31652069,137.78999329,0.64321089,1.83599997
2019-12-03,280.78039551,193.47013855,115.69239044,139.11000061,0.64987814,1.70899999
2019-12-04,282.51278687,194.44995117,114.53726196,138.91999817,0.65183014,1.78100002
2019-12-05,283.02087402,194.83416748,113.98014832,139.00000000,0.65502042,1.79700005
2019-12-06,285.60589600,196.91867065,113.34930420,137.61999512,0.65441173,1.84200001
2019-12-09,284.70791626,196.02534485,113.59504700,137.58000183,0.65591836,1.82900000
2019-12-10,284.39041138,195.86198425,113.60325623,137.97000122,0.65487885,1.83299994
2019-12-11,285.19769287,196.89945984,114.49632263,138.91999817,0.65450168,1.78999996
2019-12-12,287.65588379,198.36912537,112.61187744,138.42999268,0.65808004,1.89699996
2019-12-13,287.82821655,199.02232361,113.91461945,139.05000305,0.66204995,1.81900001
2019-12-16,289.80557251,201.02029419,112.89048004,139.03999329,0.65926969,1.89199996
2019-12-17,289.86907959,201.13555908,112.73481750,139.00999451,0.65936011,1.88900006
2019-12-18,289.88720703,201.28926086,111.80900574,139.02000427,0.65691805,1.92400002
2019-12-19,291.07553101,202.54762268,111.98789215,139.38000488,0.65844923,1.90799999
2019-12-20,292.35162354,203.36413574,112.13558960,139.52000427,0.66126198,1.91700006
2019-12-23,292.79827881,203.90130615,111.97145081,139.94999695,0.66075075,1.93499994
2019-12-24,292.80743408,204.00721741,112.29149628,141.27000427,0.66345996,1.90999997
2019-12-26,294.36599731,205.80738831,112.56233215,142.38000488,0.66470003,1.90499997
2019-12-27,294.29315186,205.63406372,112.68537903,142.33000183,0.66727167,1.87399995
2019-12-30,292.67062378,204.28633118,112.27507782,142.63000488,0.67064136,1.89499998
2019-12-31,293.38159180,204.67140198,111.17551422,142.89999390,0.67347777,1.91900003
2020-01-02,296.12527466,208.08886719,112.43102264,143.94999695,0.67371821,1.88199997
2020-01-03,293.88290405,206.18278503,114.16249847,145.86000061,0.67002124,1.78799999
2020-01-06,295.00405884,207.51121521,113.51418304,147.38999939,0.66553080,1.81099999
2020-01-07,294.17462158,207.48239136,112.95617676,147.97000122,0.66695124,1.82700002
2020-01-08,295.74237061,209.04188538,112.20947266,146.86000061,0.66312116,1.87399995
2020-01-09,297.74780273,210.81321716,112.60330963,146.02999878,0.66542900,1.85800004
2020-01-10,296.89099121,210.27407837,113.60446930,146.91000366,0.66079879,1.82500005
2020-01-13,298.93283081,212.70002747,113.25984955,145.82000732,0.66376823,1.84800005
2020-01-14,298.47698975,211.86250305,113.84249115,145.69000244,0.66268176,1.81799996
2020-01-15,299.15158081,211.94912720,114.59738922,146.53999329,0.66096908,1.78799999
2020-01-16,301.63998413,213.98034668,114.23635101,146.30999756,0.66191852,1.80900002
2020-01-17,302.57888794,215.03927612,113.25984955,146.58000183,0.66382110,1.83599997
2020-01-21,301.98638916,214.94300842,114.44971466,146.74000549,0.66089046,1.76900005
2020-01-22,302.02282715,215.51100159,114.85177612,146.78999329,0.65953058,1.76900005
2020-01-23,302.36920166,216.20411682,115.65600586,147.11999512,0.65963930,1.74000001
2020-01-24,299.68020630,214.38465881,116.59150696,147.97999573,0.66147190,1.68099999
2020-01-27,294.87646484,209.95643616,118.40500641,148.99000549,0.65727204,1.60500002
2020-01-28,297.96658325,213.18132019,117.47774506,147.66000366,0.65457880,1.64100003
2020-01-29,297.72048950,213.52789307,118.62660217,148.46000671,0.65400940,1.59399998
2020-01-30,298.68664551,214.28846741,118.64300537,148.47000122,0.65272021,1.55799997
2020-01-31,293.26315308,210.89019775,119.72617340,149.33000183,0.64854211,1.51999998
2020-02-03,295.44171143,214.07661438,119.62921906,148.36000061,0.64594895,1.51999998
2020-02-04,299.94451904,218.97657776,118.01815033,146.42999268,0.64611173,1.60300004
2020-02-05,303.40835571,219.69856262,116.72763062,146.61000061,0.64938015,1.64900005
2020-02-06,304.42926025,221.59501648,117.25370026,147.39999390,0.64818895,1.64400005
2020-02-07,302.80676270,220.64195251,118.71677399,147.78999329,0.64630002,1.57799995
2020-02-10,305.06732178,223.30853271,119.04558563,148.16999817,0.63995904,1.54700005
2020-02-11,305.59603882,223.34706116,118.44559479,147.66000366,0.63885927,1.59000003
2020-02-12,307.56484985,225.52262878,117.84551239,147.53999329,0.64065194,1.63000000
2020-02-13,307.23678589,225.23390198,118.29763794,148.38000488,0.64471209,1.61699998
2020-02-14,307.72888184,225.87884521,118.81546783,149.00000000,0.64430916,1.58800006
2020-02-18,306.93594360,225.96548462,119.62921906,150.91000366,0.64389843,1.55599999
2020-02-19,308.40353394,228.13146973,119.62100220,151.78999329,0.63945162,1.57000005
2020-02-20,307.13644409,226.01359558,120.55800629,152.41000366,0.63898170,1.52499998
2020-02-21,303.97344971,221.67201233,121.68410492,154.69999695,0.63324809,1.47099996
2020-02-24,293.89202881,213.12359619,123.50066376,156.08999634,0.63233107,1.37699997
2020-02-25,284.98648071,207.32839966,124.15821838,153.30000305,0.63442922,1.33000004
2020-02-26,283.93829346,208.39689636,123.50066376,153.97000122,0.63215923,1.30999994
2020-02-27,271.18615723,197.96165466,124.84049225,154.00000000,0.62868172,1.29900002
2020-02-28,270.04678345,198.11567688,127.65976715,148.38000488,0.63116968,1.12699997
2020-03-02,281.74151611,208.33914185,126.72058868,149.19999695,0.62294036,1.08800006
2020-03-03,273.67462158,201.65829468,128.68797302,153.88999939,0.62655854,1.00999999
2020-03-04,285.17794800,210.07196045,127.32149506,154.16000366,0.62691993,0.99199998
2020-03-05,275.69815063,203.68952942,130.49070740,157.49000549,0.63002843,0.92600000
2020-03-06,271.14062500,200.25283813,137.28205872,157.55000305,0.63130915,0.70599997
2020-03-09,249.96591187,186.34233093,141.00277710,157.80999756,0.63293946,0.49900001
2020-03-10,262.90039062,196.48881531,133.77525330,154.47999573,0.63415158,0.74800003
2020-03-11,250.08442688,187.93075562,128.85260010,153.92999268,0.62680995,0.81999999
2020-03-12,226.15707397,170.69911194,129.65110779,147.78999329,0.62642908,0.84899998
2020-03-13,245.49037170,185.15832520,126.72058868,143.27999878,0.61144876,0.95099998
2020-03-16,218.62794495,162.97854614,134.92771912,141.63999939,0.60509980,0.72799999
2020-03-17,230.43209839,175.33912659,125.93029785,143.55999756,0.60447067,0.99699998
2020-03-18,218.76463318,170.00602722,118.82626343,140.69999695,0.59492999,1.26600003
2020-03-19,219.22949219,171.02642822,122.06138611,138.03999329,0.57306921,1.11899996
2020-03-20,209.78199768,164.32627869,131.23986816,140.11000061,0.56847578,0.93800002
2020-03-23,204.41825867,164.44493103,136.64819336,146.30000305,0.56261003,0.76400000
2020-03-24,222.93919373,177.17913818,134.10452271,153.39999390,0.57441884,0.81599998
2020-03-25,226.27665710,175.86717224,133.79994202,151.30000305,0.58297139,0.85799998
2020-03-26,239.48893738,185.12835693,134.45846558,153.24000549,0.58121961,0.81099999
2020-03-27,232.35556030,178.76129150,138.04757690,152.25000000,0.59790015,0.74900001
2020-03-30,239.90148926,185.26344299,136.91157532,152.91999817,0.60582930,0.67000002
2020-03-31,236.32569885,183.68128967,135.80029297,148.05000305,0.60097963,0.69800001
2020-04-01,225.68988037,175.87680054,137.70295715,149.44999695,0.59513891,0.63499999
2020-04-02,230.89770508,179.44622803,138.57676697,151.89999390,0.59369022,0.62699997
2020-04-03,227.56030273,176.89936829,138.90652466,152.64999390,0.59143949,0.58700001
2020-04-06,242.84465027,189.54679871,138.54374695,156.88000488,0.58540124,0.67600000
2020-04-07,243.09222412,189.46958923,137.09295654,156.03999329,0.59506100,0.73600000
2020-04-08,251.25245667,193.49244690,136.09533691,154.64999390,0.59629935,0.76400000
2020-04-09,255.07588196,193.77217102,136.34268188,158.69000244,0.60167027,0.72899997
2020-04-13,252.74693298,195.86567688,135.09796143,161.41000366,0.60754079,0.74900001
2020-04-14,260.20111084,204.38403320,135.06491089,162.67999268,0.61026961,0.75199997
2020-04-15,254.67243958,202.03976440,138.64271545,161.85000610,0.61011994,0.63800001
2020-04-16,255.90107727,205.72497559,140.21730042,161.71000671,0.59959948,0.60900003
2020-04-17,262.81433105,207.69302368,138.33763123,158.57000732,0.59986925,0.65399998
2020-04-20,258.18405151,205.23303223,139.45060730,159.69999695,0.60155082,0.62599999
2020-04-21,250.34472656,197.66003418,141.20649719,158.61000061,0.60451084,0.57099998
2020-04-22,255.90107727,203.52543640,139.76385498,161.72999573,0.59640962,0.61900002
2020-04-23,255.88269043,203.09136963,140.50573730,163.33999634,0.59242058,0.61299998
2020-04-24,259.44937134,206.29415894,140.83555603,162.63999939,0.60057175,0.59600002
2020-04-27,263.19018555,207.95344543,138.21411133,161.55999756,0.60217023,0.65600002
2020-04-28,261.97994995,204.03677368,139.80503845,160.83999634,0.60246044,0.61000001
2020-04-29,268.83819580,211.27210999,139.07963562,161.72999573,0.60781038,0.62699997
2020-04-30,266.33514404,211.18528748,137.45565796,158.80000305,0.61420006,0.62199998
2020-05-01,259.28427124,205.23303223,138.63269043,159.77999878,0.61202884,0.64200002
2020-05-04,259.99951172,207.62547302,137.98054504,160.33999634,0.60164130,0.63700002
2020-05-05,262.40170288,209.97938538,137.09741211,161.02000427,0.60502982,0.65700001
2020-05-06,260.62298584,211.27210999,134.88519287,158.94999695,0.60531002,0.71100003
2020-05-07,263.76785278,213.99263000,137.13865662,161.38999939,0.60069984,0.63099998
2020-05-08,268.13223267,216.92533875,135.35568237,160.41999817,0.60956985,0.68199998
2020-05-11,268.18722534,218.86442566,134.29911804,159.41999817,0.61431855,0.72600001
2020-05-12,262.84185791,214.28201294,135.67761230,160.03999329,0.60776973,0.67799997
2020-05-13,258.19323730,211.60008240,136.62684631,161.58000183,0.60699868,0.64899999
2020-05-14,261.28314209,214.00221252,137.96403503,163.00999451,0.59990883,0.61900002
2020-05-15,262.48428345,215.39143372,137.60914612,163.92999268,0.60130125,0.63999999
2020-05-18,270.47946167,219.40461731,134.58793640,162.69000244,0.59366912,0.74400002
2020-05-19,267.70126343,218.85472107,135.09152222,164.25999451,0.60405988,0.71100003
2020-05-20,272.24899292,223.22489929,135.49597168,164.64999390,0.60865015,0.68000001
2020-05-21,270.36950684,220.79377747,135.83445740,162.25000000,0.61480951,0.67699999
2020-05-22,270.88281250,221.55592346,136.65167236,163.21000671,0.61233985,0.65700001
2020-05-26,274.22027588,220.95777893,134.81915283,160.88999939,0.61066091,0.69800001
2020-05-27,278.30032349,222.16369629,134.57151794,161.17999268,0.61983985,0.68000001
2020-05-28,277.78698730,221.87432861,134.07623291,161.72000122,0.61873913,0.70499998
2020-05-29,279.02474976,225.12536621,135.03378296,162.91000366,0.61997819,0.64800000
2020-06-01,280.15240479,225.80067444,134.12460327,163.66000366,0.61990130,0.66200000
2020-06-02,282.47219849,227.31526184,133.63700867,162.60000610,0.62818015,0.68000001
2020-06-03,286.23138428,228.33784485,131.86003113,159.60000610,0.63854921,0.76099998
2020-06-04,285.47955322,226.73645020,129.95074463,161.27999878,0.64283878,0.81999999
2020-06-05,292.79632568,231.23200989,129.02516174,158.00999451,0.64637899,0.90399998
2020-06-08,296.33544922,233.02636719,129.52096558,159.72000122,0.65376139,0.88400000
2020-06-09,294.12576294,234.71461487,130.99218750,161.25999451,0.65674973,0.82900000
2020-06-10,292.48458862,237.53155518,132.93449402,163.57000732,0.64973032,0.74800003
2020-06-11,275.62301636,225.76203918,135.44702148,162.38999939,0.65105861,0.65300000
2020-06-12,278.92388916,227.55645752,134.14117432,162.61999512,0.64130110,0.69900000
2020-06-15,281.52783203,230.32518005,134.21556091,162.33000183,0.64172083,0.70200002
2020-06-16,286.94659424,234.28051758,132.15753174,162.25000000,0.64992034,0.75599998
2020-06-17,285.75463867,235.02331543,132.70304871,162.55999756,0.64601988,0.73299998
2020-06-18,285.86465454,235.66004944,134.10804749,162.24000549,0.64464021,0.69400001
2020-06-19,284.23092651,235.62149048,134.21556091,164.02999878,0.64293796,0.69700003
2020-06-22,286.05429077,238.44717407,134.23204041,165.08999634,0.64020073,0.70400000
2020-06-23,287.37121582,240.47660828,133.31465149,166.47999573,0.64959955,0.70899999
2020-06-24,280.04077148,235.51902771,134.74450684,165.89999390,0.65003020,0.68400002
2020-06-25,283.04299927,237.76103210,135.13291931,165.80000305,0.64040166,0.67400002
2020-06-26,276.32028198,232.14631653,136.57940674,166.53999329,0.64307857,0.63599998
2020-06-29,280.38153076,234.67826843,136.14952087,166.63000488,0.64193916,0.63599998
2020-06-30,283.97302246,239.27833557,135.48837280,167.36999512,0.64273959,0.65300000
2020-07-01,285.96221924,242.07112122,135.22521973,166.61999512,0.64511132,0.68199998
2020-07-02,287.53698730,243.71398926,135.36587524,166.97999573,0.64792013,0.66900003
2020-07-06,291.97579956,249.70564270,134.81141663,167.97999573,0.65383834,0.68400002
2020-07-07,288.96447754,247.98542786,136.70637512,169.03999329,0.65588826,0.64999998
2020-07-08,291.17462158,251.25184631,136.16018677,170.08999634,0.65493888,0.65300000
2020-07-09,289.51693726,253.36817932,138.32827759,169.63000488,0.65740168,0.60500002
2020-07-10,292.47311401,255.09806824,137.63316345,169.19000244,0.65693957,0.63300002
2020-07-13,289.94052124,249.85060120,138.08825684,169.39999390,0.65749979,0.63999999
2020-07-14,293.69802856,251.61909485,138.28678894,170.19000244,0.65383834,0.61500001
2020-07-15,296.39620972,252.13122559,137.64140320,170.33999634,0.65436029,0.63000000
2020-07-16,295.42010498,250.41110229,138.29519653,168.72999573,0.65730017,0.61199999
2020-07-17,296.27651978,250.70098877,138.00552368,170.11999512,0.65421051,0.62800002
2020-07-20,298.67083740,257.81353760,138.34477234,170.94000244,0.65624976,0.62000000
2020-07-21,299.30627441,255.12713623,138.42756653,173.00000000,0.65814149,0.60699999
2020-07-22,301.00994873,256.02581787,138.84121704,175.63000488,0.66469032,0.59500003
2020-07-23,297.41839600,249.33840942,140.46311951,177.17999268,0.66573906,0.58200002
2020-07-24,295.50289917,246.97071838,140.45478821,178.69999695,0.66356122,0.58899999
2020-07-27,297.65786743,251.37748718,139.93351746,182.22999573,0.66446954,0.60900003
2020-07-28,295.77001953,248.17874146,140.90173340,183.75000000,0.66883820,0.58099997
2020-07-29,299.40762329,251.03926086,140.66171265,185.13000488,0.66606009,0.57900000
2020-07-30,298.33935547,252.35350037,141.58853149,183.75999451,0.66565931,0.54100001
2020-07-31,300.69692993,256.85693359,141.49743652,185.42999268,0.66968918,0.53600001
2020-08-03,302.78732300,260.32626343,140.78504944,185.63999939,0.66371095,0.56300002
2020-08-04,303.95693970,261.29266357,142.12702942,189.58999634,0.66154021,0.51499999
2020-08-05,305.84484863,261.94000244,140.88444519,191.35000610,0.66454893,0.54299998
2020-08-06,307.88922119,265.40945435,141.67144775,193.88999939,0.66481853,0.53600001
2020-08-07,308.11029053,262.34603882,140.72702026,190.80999756,0.66844916,0.56199998
2020-08-10,309.03118896,261.22497559,140.09747314,190.14999390,0.66010958,0.57400000
2020-08-11,306.48022461,256.27716064,138.43240356,179.94000244,0.65934795,0.65799999
2020-08-12,310.75329590,262.72286987,137.17318726,179.10000610,0.65693957,0.67000002
2020-08-13,310.19146729,263.32214355,135.70697021,183.33000183,0.65764809,0.71600002
2020-08-14,310.20065308,263.01284790,135.17675781,182.53999329,0.65472883,0.70899999
2020-08-17,311.18612671,266.06649780,135.51643372,186.50000000,0.65438175,0.68300003
2020-08-18,311.85833740,268.62756348,136.48571777,188.17999268,0.65547121,0.66900003
2020-08-19,310.55984497,266.82040405,135.63243103,182.24000549,0.66103899,0.67500001
2020-08-20,311.52691650,270.52166748,136.85848999,183.50000000,0.65615940,0.64399999
2020-08-21,312.63192749,272.39648438,137.67855835,182.02999878,0.65421051,0.63999999
2020-08-24,315.79989624,274.09729004,137.45489502,181.00000000,0.65388113,0.64600003
2020-08-25,316.90505981,276.25234985,136.40278625,181.22000122,0.65299982,0.68199998
2020-08-26,320.08215332,282.14736938,135.88090515,183.36000061,0.65529937,0.68699998
2020-08-27,320.78198242,281.26797485,133.56971741,181.24000549,0.66334110,0.74599999
2020-08-28,322.85412598,282.69827271,133.47032166,184.38999939,0.66453129,0.72899997
2020-08-31,321.68441772,284.96917725,134.35670471,184.83000183,0.67453170,0.69300002
2020-09-01,324.71429443,289.83984375,135.89338684,185.05000305,0.67326015,0.67199999
2020-09-02,329.41098022,292.58432007,137.18717957,182.61999512,0.67686021,0.65100002
2020-09-03,318.07455444,277.75030518,137.57705688,181.13999939,0.67675024,0.62199998
2020-09-04,315.47753906,274.04895020,134.96458435,181.63999939,0.66891021,0.72100002
2020-09-08,306.85784912,260.87704468,135.79386902,181.28999329,0.66910219,0.68400002
2020-09-09,312.91741943,268.54049683,135.42906189,183.05000305,0.66126198,0.70300001
2020-09-10,307.48406982,263.18682861,136.11734009,182.46000671,0.66820800,0.68500000
2020-09-11,307.64056396,261.36032104,136.40762329,182.44999695,0.66469920,0.66900003
2020-09-14,311.69265747,265.91195679,136.39939880,183.88999939,0.66852963,0.67100000
2020-09-15,313.26742554,269.68090820,136.06758118,183.44999695,0.66997188,0.67900002
2020-09-16,312.02413940,265.38046265,135.66128540,183.97000122,0.67109138,0.68699998
2020-09-17,309.27978516,261.23461914,136.07588196,182.96000671,0.67216951,0.68400002
2020-09-18,305.71911621,257.90057373,135.65292358,183.19999695,0.67626965,0.69400001
2020-09-21,302.31665039,258.51910400,136.34124756,179.52000427,0.67589951,0.67100000
2020-09-22,305.39562988,263.32214355,136.23348999,178.64999390,0.66660005,0.66399997
2020-09-23,298.31320190,255.28170776,136.41598511,174.78999329,0.66323990,0.67600000
2020-09-24,299.10830688,256.47030640,136.93844604,175.44000244,0.65451878,0.66600001
2020-09-25,303.94393921,262.43295288,136.93844604,174.94000244,0.65499038,0.65899998
2020-09-28,308.99230957,267.88348389,136.54856873,176.69999695,0.65517920,0.66299999
2020-09-29,307.30947876,266.67538452,136.70617676,178.19000244,0.65680152,0.64499998
2020-09-30,309.63946533,268.50192261,135.39585876,177.11999512,0.66009212,0.67699999
2020-10-01,311.62741089,272.76373291,135.61920166,178.69999695,0.66227794,0.67699999
2020-10-02,308.66867065,265.09054565,135.11274719,178.53999329,0.66514128,0.69599998
2020-10-05,314.14233398,270.74395752,132.47273254,179.41000366,0.66397977,0.76200002
2020-10-06,309.67651367,265.91195679,133.18673706,177.30000305,0.66538024,0.74199998
2020-10-07,315.06686401,270.51208496,132.21537781,177.22000122,0.65900034,0.78500003
2020-10-08,317.85922241,271.95199585,132.92935181,177.85000610,0.65741032,0.76499999
2020-10-09,320.69766235,276.10742188,132.90451050,181.08000183,0.65893948,0.77499998
2020-10-12,325.85693359,284.63095093,133.32783508,180.55999756,0.66644007,0.77700001
2020-10-13,323.73040771,284.62127686,134.28256226,177.72000122,0.66492903,0.72700000
2020-10-14,321.69622803,282.24395752,134.58975220,178.27000427,0.66553968,0.72200000
2020-10-15,321.29861450,280.34997559,134.35728455,178.91999817,0.66561943,0.73100001
2020-10-16,321.10449219,278.81332397,133.98373413,178.30000305,0.65989178,0.74400002
2020-10-19,316.22268677,274.26162720,133.47732544,178.38999939,0.66177833,0.76099998
2020-10-20,317.48931885,274.85107422,132.20713806,179.25000000,0.65930879,0.79699999
2020-10-21,316.88830566,274.63851929,131.75045776,180.60000610,0.65808094,0.81599998
2020-10-22,318.62652588,274.62884521,130.38070679,178.83000183,0.66461968,0.84799999
2020-10-23,319.70837402,275.17001343,131.17765808,178.63999939,0.66715991,0.84100002
2020-10-26,313.80023193,271.04351807,132.39807129,178.55000305,0.66844028,0.80100000
2020-10-27,312.71841431,273.15997314,133.28631592,179.02000427,0.66780013,0.77800000
2020-10-28,302.03002930,262.51028442,133.41085815,176.13000488,0.67007959,0.78100002
2020-10-29,305.09963989,267.10067749,132.11576843,175.39999390,0.66496879,0.83499998
2020-10-30,301.91909790,260.32626343,130.81240845,176.19999695,0.66297168,0.86000001
2020-11-02,305.30310059,260.90603638,131.79223633,177.91000366,0.65984827,0.84899998
2020-11-03,310.69351196,265.41912842,131.02770996,178.91999817,0.66323990,0.88200003
2020-11-04,317.63729858,277.26696777,133.86991882,178.82000732,0.67290223,0.76800001
2020-11-05,323.83215332,284.49560547,134.10258484,182.92999268,0.67000777,0.77600002
2020-11-06,323.75808716,284.70825195,132.48202515,183.19000244,0.67648929,0.81999999
2020-11-09,327.82629395,278.89062500,129.69784546,175.08000183,0.67974955,0.95800000
2020-11-10,327.34555054,273.89450073,128.94996643,175.66000366,0.68251932,0.97200000
2020-11-11,329.77731323,280.02133179,129.41537476,174.89999390,0.68282229,0.95800000
2020-11-12,326.57812500,278.70706177,131.61772156,175.96000671,0.69025022,0.88499999
2020-11-13,331.09945679,281.15194702,131.44322205,177.16000366,0.68390095,0.89300001
2020-11-16,335.23233032,283.34561157,131.12734985,177.14999390,0.68714827,0.90600002
2020-11-17,333.42947388,282.44692993,131.98333740,176.50000000,0.69080812,0.87199998
2020-11-18,329.41674805,280.35946655,132.36567688,175.49000549,0.68930006,0.88200003
2020-11-19,330.80358887,282.55316162,133.04721069,175.16000366,0.69220918,0.85399997
2020-11-20,328.53833008,280.62045288,134.22729492,175.69000244,0.69066018,0.82900000
2020-11-23,330.50769043,280.63015747,133.61233521,172.22999573,0.69469053,0.85699999
2020-11-24,335.83346558,284.57296753,132.28262329,169.58999634,0.69311118,0.88200003
2020-11-25,335.31561279,286.32217407,131.87532043,169.50999451,0.69790977,0.87800002
2020-11-27,336.24951172,288.96044922,133.15527344,167.78999329,0.70033896,0.84200001
2020-11-30,334.76086426,289.54980469,132.98901367,166.66999817,0.70350200,0.84399998
2020-12-01,338.42221069,293.26080322,131.02813721,170.17999268,0.70188248,0.93400002
2020-12-02,339.13433838,293.63775635,129.98823547,171.46000671,0.70699859,0.94800001
2020-12-03,339.04171753,294.05325317,131.03646851,172.80999756,0.70715004,0.92000002
2020-12-04,341.96343994,295.25152588,129.11471558,172.32000732,0.70733863,0.96899998
2020-12-07,341.26080322,296.92346191,130.27943420,174.88999939,0.70414007,0.92799997
2020-12-08,342.25942993,297.92855835,130.89509583,175.50000000,0.70405185,0.91299999
2020-12-09,339.18972778,291.18304443,130.46243286,172.50000000,0.70407164,0.94099998
2020-12-10,339.07876587,292.35241699,131.61882019,172.16999817,0.70164114,0.90799999
2020-12-11,338.68121338,291.70492554,132.08474731,172.49000549,0.70940101,0.89300001
2020-12-14,337.16485596,293.82138062,131.71862793,171.53999329,0.70984912,0.89200002
2020-12-15,341.72314453,296.96212769,131.27774048,173.94000244,0.70858163,0.92299998
2020-12-16,342.25942993,298.59527588,130.92829895,174.89999390,0.70868206,0.92000002
2020-12-17,344.17333984,300.54742432,130.58180237,176.74000549,0.71104032,0.93000001
2020-12-18,342.79901123,299.63897705,130.19041443,176.44000244,0.71479118,0.94800001
2020-12-21,341.57339478,299.07843018,130.70681763,175.88000488,0.71048969,0.94099998
2020-12-22,340.99771118,299.89169312,131.38133240,174.49000549,0.70966780,0.91799998
2020-12-23,341.30407715,298.38137817,130.47361755,175.64999390,0.70542753,0.95499998
2020-12-24,342.63189697,299.69805908,130.98991394,176.35000610,0.70967990,0.92799997
2020-12-28,345.57546997,302.71859741,131.04830933,175.71000671,0.71156144,0.93300003
2020-12-29,344.91601562,302.98974609,130.88172913,176.35000610,0.71079975,0.93500000
2020-12-30,345.40832520,302.99938965,131.16487122,177.69999695,0.71486014,0.92600000
2020-12-31,347.16326904,303.74493408,131.35633850,178.36000061,0.72153974,0.91700000
2021-01-04,342.43685913,299.45602417,131.19818115,182.33000183,0.71983880,0.91700000
2021-01-05,344.79547119,301.92477417,130.22375488,182.86999512,0.71782869,0.95499998
2021-01-06,346.85678101,297.74240112,127.55046844,179.89999390,0.72568941,1.04200006
2021-01-07,352.01031494,304.94546509,126.42621613,179.47999573,0.73057759,1.07099998
2021-01-08,354.01586914,308.86627197,126.01815796,173.33999634,0.72654885,1.10500002
2021-01-11,351.62951660,304.40328979,125.81001282,173.00000000,0.71993208,1.13199997
2021-01-12,351.70373535,303.91912842,125.71002960,174.11999512,0.71740133,1.13800001
2021-01-13,352.65093994,305.97171021,127.12573242,173.36999512,0.72292989,1.08800006
2021-01-14,351.41589355,304.33541870,125.93487549,173.27999878,0.71903133,1.12899995
2021-01-15,348.85314941,301.92477417,126.43457031,171.13000488,0.72177148,1.09700000
2021-01-19,351.59234619,306.32983398,126.84264374,172.58000183,0.71158171,1.09200001
2021-01-20,356.45785522,313.45532227,126.96762848,175.38999939,0.71288031,1.09000003
2021-01-21,356.78295898,315.96279907,126.07639313,175.27999878,0.71863860,1.10899997
2021-01-22,355.52011108,315.05279541,126.48451996,173.89999390,0.72160017,1.09099996
2021-01-25,356.92218018,317.65710449,127.97520447,174.05000305,0.71837014,1.03999996
2021-01-26,356.36505127,318.12182617,127.73374939,173.61999512,0.71999007,1.03999996
2021-01-27,347.65530396,309.25360107,128.05848694,172.52000427,0.72369009,1.01400006
2021-01-28,350.64526367,311.08340454,127.35060120,172.67999268,0.71427041,1.05700004
2021-01-29,343.62548828,304.53887939,126.58450317,172.61000061,0.71744251,1.09300005
2021-02-01,349.34524536,312.14834595,126.73122406,174.22999573,0.71633750,1.07700002
2021-02-02,354.28515625,317.24078369,125.91410065,172.11000061,0.71654791,1.10500002
2021-02-03,354.56365967,315.98220825,124.79685211,171.85000610,0.71966785,1.13100004
2021-02-04,358.59353638,319.71917725,124.46340179,168.14999390,0.72196954,1.13900006
2021-02-05,360.00497437,320.80358887,123.42117310,169.80999756,0.71602976,1.16999996
2021-02-08,362.60482788,322.95288086,123.96313477,171.52000427,0.72116256,1.15999997
2021-02-09,362.36349487,322.88500977,124.05486298,172.08000183,0.72267026,1.15699995
2021-02-10,362.20562744,322.14916992,124.88027191,172.71000671,0.72437996,1.13300002
2021-02-11,362.79052734,323.92105103,124.19655609,171.21000671,0.72182000,1.15799999
2021-02-12,364.58264160,325.73141479,122.65412140,170.69000244,0.72311807,1.20000005
2021-02-16,364.26690674,324.85040283,120.78652191,168.24000549,0.72335869,1.29900002
2021-02-17,364.35052490,323.29159546,121.55350494,166.33000183,0.71898991,1.30100000
2021-02-18,362.79986572,321.87817383,121.06163025,166.32000732,0.71939856,1.28699994
2021-02-19,362.15911865,320.47433472,119.45249939,167.00999451,0.72187048,1.34500003
2021-02-22,359.37359619,312.16772461,118.54370880,169.50999451,0.73127210,1.37000000
2021-02-23,359.80987549,311.23828125,118.20185089,169.11999512,0.73298198,1.36199999
2021-02-24,363.77478027,313.80389404,117.42642212,169.00000000,0.73387009,1.38900006
2021-02-25,355.00930786,302.86383057,115.50877380,165.82000732,0.74452955,1.51800001
2021-02-26,353.18011475,304.13217163,119.32739258,161.80999756,0.73655063,1.46000004
2021-03-01,361.74127197,313.28115845,117.75140381,161.52999878,0.72711933,1.44599998
2021-03-02,358.91854858,308.25646973,117.75977325,162.41000366,0.72741979,1.41499996
2021-03-03,354.16439819,299.31082153,116.48252869,160.61999512,0.72929883,1.47000003
2021-03-04,349.78173828,294.41204834,115.73130798,159.03999329,0.72319126,1.54999995
2021-03-05,356.21643066,298.84613037,115.95668793,159.13999939,0.71782869,1.55400002
2021-03-08,354.44302368,290.38455200,115.05508423,157.49000549,0.71785963,1.59599996
2021-03-09,359.50354004,301.83761597,116.64954376,160.83999634,0.71326166,1.54600000
2021-03-10,361.74127197,300.97601318,116.88326263,161.66000366,0.71795756,1.51999998
2021-03-11,365.40908813,307.90792847,116.04014587,161.52000427,0.71921748,1.52699995
2021-03-12,365.90121460,305.41000366,113.57762909,161.49000549,0.72275221,1.63499999
2021-03-15,368.08325195,308.67276001,114.24542236,162.19999695,0.71873158,1.60699999
2021-03-16,367.61898804,310.36694336,113.78631592,162.35000610,0.72035205,1.62100005
2021-03-17,368.87252808,311.64498901,112.93480682,163.50999451,0.71930027,1.64100003
2021-03-18,363.50552368,302.09909058,111.79119110,162.55999756,0.72512108,1.73000002
2021-03-19,362.83297729,303.16394043,112.48407745,163.24000549,0.71680993,1.73199999
2021-03-22,365.73013306,308.84933472,113.74457550,163.00000000,0.71520013,1.68400002
2021-03-23,362.85150146,307.50189209,114.77133179,161.80999756,0.71331763,1.63800001
2021-03-24,361.00704956,302.31579590,115.38903809,162.36999512,0.69902205,1.61399996
2021-03-25,363.03784180,301.79235840,114.47912598,161.77999878,0.69695151,1.61399996
2021-03-26,368.88821411,306.31930542,114.07844543,162.24000549,0.69678152,1.65999997
2021-03-29,368.70193481,306.23202515,113.11013794,160.30999756,0.69940829,1.72099996
2021-03-30,367.72378540,304.69073486,113.70281219,157.57000732,0.70097226,1.72599995
2021-03-31,369.21423340,309.35348511,113.06841278,159.96000671,0.69924206,1.74600005
2021-04-01,373.20141602,314.62677002,114.94499207,161.97999573,0.69835818,1.67900002
2021-04-05,378.55798340,320.90814209,114.44346619,161.91999817,0.70311123,1.72000003
2021-04-06,378.33447266,320.68527222,115.22080994,163.22000122,0.70666885,1.65600002
2021-04-07,378.77233887,321.46075439,114.41842651,162.75999451,0.70636934,1.65300000
2021-04-08,380.57028198,324.81475830,115.36294556,164.50999451,0.70134097,1.63199997
2021-04-09,383.33709717,326.78259277,114.94499207,163.27000427,0.70614988,1.66600001
2021-04-12,383.47692871,326.35601807,114.89482880,162.27999878,0.70398241,1.67499995
2021-04-13,384.61340332,330.16564941,115.75582886,163.42999268,0.70323980,1.62300003
2021-04-14,383.29983521,326.20092773,115.38794708,162.72000122,0.70611995,1.63800001
2021-04-15,387.41744995,331.14474487,117.31897736,165.35000610,0.71400011,1.52999997
2021-04-16,388.71224976,331.53250122,116.40782928,166.35000610,0.71757120,1.57299995
2021-04-19,386.80255127,328.49835205,116.07342529,165.88999939,0.71271777,1.60099995
2021-04-20,383.97061157,326.10406494,116.60845947,166.47999573,0.71908820,1.56200004
2021-04-21,387.60369873,328.89584351,116.84249878,168.13000488,0.71654791,1.56400001
2021-04-22,384.06375122,324.93109131,117.35238647,167.03999329,0.72044039,1.55400002
2021-04-23,388.22790527,329.02185059,117.07651520,166.39999390,0.71542990,1.56700003
2021-04-26,389.03833008,331.16409302,116.90940094,166.83999634,0.71917093,1.57000005
2021-04-27,388.95455933,329.72933960,115.88959503,166.41999817,0.72300828,1.62199998
2021-04-28,388.84274292,328.61474609,115.96479034,166.91000366,0.72041959,1.62000000
2021-04-29,391.32077026,329.79724121,115.62207031,166.22000122,0.72730023,1.63999999
2021-04-30,388.74957275,327.63565063,115.88959503,165.66000366,0.72473747,1.63100004
2021-05-03,389.58798218,325.89074707,115.95908356,167.80999756,0.71698982,1.60699999
2021-05-04,387.18457031,320.02612305,116.74594879,166.58000183,0.71980762,1.59200001
2021-05-05,387.30560303,318.95007324,116.93849182,167.27000427,0.71626979,1.58399999
2021-05-06,390.39843750,321.35403442,117.13107300,170.05999756,0.72192782,1.56099999
2021-05-07,393.23977661,323.96173096,116.55346680,171.58999634,0.72329068,1.57700002
2021-05-10,389.34582520,315.78030396,115.37306213,172.11000061,0.72960746,1.60200000
2021-05-11,385.87103271,315.34399414,114.72003937,172.13999939,0.72712994,1.62399995
2021-05-12,377.67306519,307.18206787,113.51463318,170.42999268,0.72626919,1.69500005
2021-05-13,382.20986938,309.55691528,113.69045258,171.13000488,0.71640939,1.66799998
2021-05-14,388.07891846,316.39105225,114.75359344,172.69000244,0.71829796,1.63499999
2021-05-17,387.09140015,314.47167969,114.51081085,174.69999695,0.72439092,1.63999999
2021-05-18,383.75628662,312.34872437,114.21784210,175.03999329,0.72191221,1.64199996
2021-05-19,382.75021362,312.70736694,113.94158936,175.16000366,0.72379845,1.68299997
2021-05-20,386.86779785,318.75619507,114.87911224,175.96000671,0.71631187,1.63399994
2021-05-21,386.55102539,316.99197388,115.24748230,176.03999329,0.71965748,1.63199997
2021-05-24,390.49160767,322.32348633,115.67443085,176.35000610,0.71731895,1.60800004
2021-05-25,389.62527466,322.76943970,116.74594879,177.94999695,0.72147989,1.56400001
2021-05-26,390.39843750,323.89395142,116.54502106,177.63999939,0.72243899,1.57400000
2021-05-27,390.60342407,322.68222046,116.07627106,177.71000671,0.72782850,1.61000001
2021-05-28,391.30212402,323.69998169,115.89205933,178.38000488,0.72842759,1.58099997
2021-06-01,390.95745850,322.62399292,115.86608124,177.89999390,0.72772789,1.61500001
2021-06-02,391.57232666,323.25411987,116.13436890,178.77000427,0.72533149,1.59099996
2021-06-03,390.11898804,319.89044189,115.69841003,175.27000427,0.72334826,1.62500000
2021-06-04,393.68698120,325.31881714,117.28290558,177.16000366,0.71486014,1.55999994
2021-06-07,393.30499268,326.28811646,116.92238617,177.86999512,0.72097015,1.56900001
2021-06-08,393.38879395,326.44335938,117.74396515,177.32000732,0.72254854,1.52800000
2021-06-09,392.80197144,326.52081299,118.78346252,176.97999573,0.71903133,1.48899996
2021-06-10,394.62792969,329.92333984,119.49606323,177.74000549,0.71718001,1.45899999
2021-06-11,395.27993774,330.78604126,119.30323792,175.74000549,0.71894860,1.46200001
2021-06-14,396.16494751,333.95590210,118.38948059,174.71000671,0.71389812,1.50100005
2021-06-15,395.43832397,331.77487183,118.24701691,174.05000305,0.71437758,1.49899995
2021-06-16,393.23046875,330.56314087,118.14634705,171.11000061,0.71225071,1.56900001
2021-06-17,393.10012817,334.76046753,119.91521454,165.85000610,0.70711851,1.51100004
2021-06-18,387.79702759,332.13345337,122.17035675,164.92999268,0.70153779,1.45000005
2021-06-21,393.34866333,334.19772339,120.12482452,166.94999695,0.69490772,1.48399997
2021-06-22,395.45156860,337.31295776,120.41824341,166.25000000,0.69863135,1.47200000
2021-06-23,394.97494507,337.47796631,120.10805511,166.13999939,0.70179874,1.48699999
2021-06-24,397.31155396,339.56445312,120.30092621,166.03999329,0.70455778,1.48699999
2021-06-25,398.72283936,339.14718628,119.05176544,166.58999634,0.70631945,1.53600001
2021-06-28,399.52661133,343.27178955,120.27574158,166.58000183,0.70689857,1.47800004
2021-06-29,399.74157715,344.51400757,120.47693634,164.83000183,0.70489049,1.48000002
2021-06-30,400.07803345,343.97045898,121.01348877,165.63000488,0.69898009,1.44299996
2021-07-01,402.29312134,344.10638428,121.02018738,166.19999695,0.69966763,1.48000002
2021-07-02,405.36801147,348.05624390,121.75048828,167.28999329,0.69636911,1.43099999
2021-07-06,404.62969971,349.56057739,123.17752075,168.11999512,0.70520866,1.37000000
2021-07-07,406.05966187,350.29809570,124.26877594,168.75999451,0.70176917,1.32099998
2021-07-08,402.75115967,348.18246460,124.75561523,168.64999390,0.70134097,1.28799999
2021-07-09,407.05041504,350.35632324,123.00123596,169.21000671,0.69490772,1.35599995
2021-07-12,408.50842285,351.72470093,122.84172058,169.00000000,0.70061862,1.36300004
2021-07-13,407.11581421,351.72470093,121.90160370,169.22000122,0.69866061,1.41499996
2021-07-14,407.72332764,352.35556030,123.28666687,171.03999329,0.69441068,1.35599995
2021-07-15,406.33074951,349.88082886,124.64656067,171.07000732,0.70387840,1.29700005
2021-07-16,403.14364624,347.04696655,124.41147614,169.41000366,0.70114923,1.29999995
2021-07-19,397.19000244,344.20339966,127.13960266,169.61000061,0.69948167,1.18099999
2021-07-20,402.88195801,348.20190430,125.91403961,169.38999939,0.69360006,1.20899999
2021-07-21,406.14370728,350.89010620,124.31914520,168.75999451,0.69238168,1.27999997
2021-07-22,406.99423218,353.20968628,125.49428558,169.08999634,0.69609773,1.26499999
2021-07-23,411.18148804,357.33416748,124.65489197,168.55999756,0.69810951,1.28600001
2021-07-26,412.19079590,357.61563110,124.28552246,168.16000366,0.69836789,1.27600002
2021-07-27,410.31222534,353.67538452,125.61187744,168.44000244,0.70047975,1.23399997
2021-07-28,410.14398193,355.03405762,125.62024689,169.28999329,0.69634974,1.26100004
2021-07-29,411.84506226,355.66494751,124.92358398,171.16999817,0.69605887,1.26900005
2021-07-30,409.84497070,353.81130981,125.51109314,169.82000732,0.70110989,1.23899996
2021-08-02,408.98510742,353.84051514,126.63055420,169.61000061,0.69749016,1.17400002
2021-08-03,412.31237793,355.98513794,126.69781494,169.49000549,0.69871926,1.17600000
2021-08-04,410.28417969,356.49963379,126.95837402,169.52999878,0.70457768,1.18400002
2021-08-05,412.88247681,358.76080322,126.31118011,168.86000061,0.70440888,1.21700001
2021-08-06,413.56478882,357.18850708,124.20167542,164.63999939,0.70485079,1.28999996
2021-08-09,413.22830200,357.84851074,123.75626373,161.72000122,0.69933003,1.31700003
2021-08-10,413.74230957,356.01431274,123.18476105,161.77000427,0.69919801,1.34200001
2021-08-11,414.77041626,355.40292358,123.10908508,164.00000000,0.70064807,1.32900000
2021-08-12,416.01351929,356.68395996,122.90742493,164.03999329,0.70418072,1.36699998
2021-08-13,416.77056885,357.93591309,124.84885406,166.38999939,0.70052046,1.29700005
2021-08-16,417.75186157,358.09106445,125.15135956,167.22000122,0.70398241,1.25699997
2021-08-17,415.01342773,354.93707275,125.10097504,166.97000122,0.70284933,1.25800002
2021-08-18,410.47113037,351.52093506,125.52120209,167.10000610,0.69278949,1.27300000
2021-08-19,411.10668945,353.21923828,126.44567871,166.61000061,0.68745059,1.24199998
2021-08-20,414.37789917,356.87811279,126.52972412,166.69999695,0.68203056,1.25999999
2021-08-23,418.02297974,362.21582031,126.44567871,168.72999573,0.68308806,1.25500000
2021-08-24,418.68655396,363.32214355,125.46232605,168.64999390,0.68940794,1.28999996
2021-08-25,419.56509399,363.73934937,124.42018127,167.47999573,0.69380850,1.34200001
2021-08-26,417.08831787,361.42962646,124.76477051,167.66999817,0.69728202,1.34200001
2021-08-27,420.81747437,364.94284058,125.61362457,170.19000244,0.69453126,1.31200004
2021-08-30,422.66806030,369.03836060,125.94143677,169.35000610,0.70123774,1.28499997
2021-08-31,422.04193115,368.73742676,125.08423615,169.69000244,0.69981945,1.30400002
2021-09-01,422.26617432,369.34881592,125.29362488,169.69999695,0.70516890,1.30200005
2021-09-02,423.56530762,369.17410278,125.84066010,169.25000000,0.70658898,1.29400003
2021-09-03,423.46246338,370.30950928,124.69618225,171.05999756,0.71107066,1.32200003
2021-09-07,421.94836426,370.83361816,123.64434052,167.71000671,0.71365875,1.37000000
2021-09-08,421.43432617,369.54293823,124.48584747,167.28999329,0.70975852,1.33399999
2021-09-09,419.63046265,368.27157593,125.99214172,168.02999878,0.70982903,1.29900002
2021-09-10,416.32196045,365.47650146,124.88135529,167.17999268,0.71050990,1.34099996
2021-09-13,417.38735962,365.22433472,125.63873291,167.74000549,0.71165770,1.32400000
2021-09-14,415.13494873,364.18582153,127.16183472,168.82000732,0.71146017,1.27699995
2021-09-15,418.60241699,366.89349365,126.71588135,167.83000183,0.70957214,1.30400002
2021-09-16,417.93884277,367.14584351,126.13520050,164.02999878,0.71320063,1.33099997
2021-09-17,413.86767578,362.79800415,125.52928925,163.77000427,0.70709002,1.37000000
2021-09-20,406.96673584,355.30142212,127.08611298,164.94000244,0.70335859,1.30900002
2021-09-21,406.58236694,355.73870850,126.97663879,166.03999329,0.70176917,1.32400000
2021-09-22,410.54840088,359.06137085,127.73408508,165.41999817,0.69973135,1.33599997
2021-09-23,415.53668213,362.37438965,124.84767914,163.50999451,0.69910026,1.40999997
2021-09-24,416.22113037,362.71444702,123.62749481,163.30000305,0.70653903,1.46000004
2021-09-27,415.03027344,359.81921387,123.17305756,163.63999939,0.70166087,1.48399997
2021-09-28,406.66665649,349.63720703,121.25444031,162.05000305,0.70079052,1.53400004
2021-09-29,407.35116577,349.06390381,121.46478271,161.32000732,0.69600081,1.54100001
2021-09-30,402.37237549,347.78155518,121.44795227,164.22000122,0.68723798,1.52900004
2021-10-01,407.15426636,349.93826294,122.47006226,164.58999634,0.68967992,1.47899997
2021-10-04,401.90362549,342.59335327,122.15823364,165.36000061,0.69418895,1.48099995
2021-10-05,406.08538818,347.21801758,120.97859192,164.58999634,0.69618011,1.52900004
2021-10-06,407.77310181,349.44290161,121.66113281,165.02999878,0.69567007,1.52400005
2021-10-07,411.29855347,352.64898682,120.38883209,164.16000366,0.69158202,1.57099998
2021-10-08,410.54840088,350.89056396,119.54624176,164.22999573,0.69381809,1.60500002
2021-10-11,407.57623291,348.19931030,119.24291229,163.91999817,0.69216132,1.61399996
2021-10-12,406.57299805,346.98489380,121.28195190,164.66000366,0.69432873,1.58000004
2021-10-13,408.03564453,349.76348877,122.46159363,167.58999634,0.69255912,1.54900002
2021-10-14,414.89904785,356.20495605,122.91656494,168.00000000,0.69722849,1.51900005
2021-10-15,418.05886841,358.44927979,122.20040894,165.33000183,0.70357132,1.57599998
2021-10-18,419.29653931,362.05383301,122.77328491,164.91999817,0.70846117,1.58399999
2021-10-19,422.53134155,364.79360962,121.07978058,165.44999695,0.70919019,1.63499999
2021-10-20,424.19094849,364.31756592,120.26244354,166.89999390,0.71556860,1.63600004
2021-10-21,425.29727173,366.54241943,120.11922455,166.75000000,0.71986985,1.67600000
2021-10-22,424.85656738,363.46261597,121.44205475,167.77000427,0.71559936,1.65499997
2021-10-25,427.13507080,367.18362427,121.25671387,168.92999268,0.71507227,1.63499999
2021-10-26,427.51953125,368.33984375,122.25937653,167.67999268,0.71661985,1.61899996
2021-10-27,425.62551880,369.19479370,124.48384094,168.11999512,0.71680993,1.52900004
2021-10-28,429.73233032,373.29479980,124.06250000,168.08000183,0.71638882,1.56799996
2021-10-29,430.60433960,375.13101196,124.44165039,166.64999390,0.71951246,1.55700004
2021-11-01,431.34503174,376.41354370,123.54573822,167.52000427,0.71764839,1.57500005
2021-11-02,433.08901978,377.98745728,124.09403992,167.16000366,0.71792150,1.54900002
2021-11-03,435.73303223,382.00006104,122.81169891,165.77000427,0.71258062,1.57900000
2021-11-04,437.78652954,386.89672852,124.10251617,167.64999390,0.71762782,1.52400005
2021-11-05,439.30541992,387.26589966,125.95858765,169.83999634,0.71096957,1.45299995
2021-11-08,439.68051147,386.74127197,125.72235107,170.44999695,0.71091896,1.49699998
2021-11-09,438.22717285,384.07919312,127.35906982,171.28999329,0.71624982,1.43200004
2021-11-10,434.70169067,378.43435669,125.03056335,173.14999390,0.71252018,1.55999994
2021-11-11,434.84234619,379.48367310,124.84497833,174.11999512,0.70667881,1.55999994
2021-11-12,438.12402344,383.47680664,124.29656219,174.44999695,0.70240015,1.58200002
2021-11-15,438.27404785,383.38937378,122.73576355,174.17999268,0.70431954,1.62300003
2021-11-16,440.00866699,386.11947632,122.42362213,172.91999817,0.70417082,1.63399994
2021-11-17,438.93978882,386.32345581,123.39385986,174.50000000,0.69919997,1.60399997
2021-11-18,440.43057251,390.32638550,123.85780334,173.94000244,0.70037818,1.58899999
2021-11-19,439.64297485,392.50265503,125.16553497,172.61000061,0.70421046,1.53600001
2021-11-22,438.40530396,387.94604492,123.69751740,168.74000549,0.69913936,1.62500000
2021-11-23,438.98666382,386.17779541,121.90896606,167.27999878,0.69496083,1.66700006
2021-11-24,440.15863037,387.42141724,123.86627960,167.11999512,0.69528943,1.64499998
2021-11-26,430.34173584,380.07638550,126.99630737,166.85000610,0.68443924,1.48199999
2021-11-29,435.62060547,388.32489014,125.97545624,166.61999512,0.68263113,1.52999997
2021-11-30,427.14440918,382.62188721,127.89060974,165.50000000,0.68306947,1.44299996
2021-12-01,422.40008545,376.11230469,128.67950439,166.16000366,0.68249136,1.43400002
2021-12-02,428.86972046,378.82299805,128.83993530,165.24000549,0.68141007,1.44799995
2021-12-03,425.13793945,372.23583984,130.37727356,166.63000488,0.68120819,1.34300005
2021-12-06,430.17294312,375.21853638,128.58659363,166.22000122,0.67573965,1.43400002
2021-12-07,439.07107544,386.51785278,127.54759216,166.80999756,0.67496878,1.48000002
2021-12-08,440.23376465,388.24725342,125.34297943,166.89999390,0.67861986,1.50899994
2021-12-09,437.26141357,382.53442383,126.04409027,165.88000488,0.68082792,1.48699999
2021-12-10,441.37753296,386.69268799,125.73992157,166.58000183,0.67956942,1.48899996
2021-12-13,437.46768188,381.10623169,127.59828949,167.00000000,0.67958790,1.42400002
2021-12-14,434.45794678,377.16165161,127.29419708,165.44000244,0.67520124,1.43799996
2021-12-15,441.24639893,385.76007080,126.06939697,166.14999390,0.67363203,1.46300006
2021-12-16,437.35516357,375.84030151,126.11845398,168.16000366,0.67780983,1.42200005
2021-12-17,432.70043945,373.96520996,127.54755402,167.80000305,0.67962945,1.40199995
2021-12-20,428.09936523,370.33758545,126.59199524,167.08999634,0.67316043,1.41900003
2021-12-21,435.70199585,378.62588501,126.11001587,167.02000427,0.67131215,1.48699999
2021-12-22,440.05847168,383.23709106,126.69349670,168.58999634,0.67659914,1.45700002
2021-12-23,442.79656982,386.12625122,125.59413147,168.97000122,0.68058234,1.49300003
2021-12-27,449.06301880,392.50790405,125.89860535,169.36999512,0.68151927,1.48099995
2021-12-28,448.69601440,390.68862915,125.39962006,168.63999939,0.68179989,1.48099995
2021-12-29,449.27001953,390.63037109,124.02971649,168.58999634,0.68056005,1.54299998
2021-12-30,448.02804565,389.46301270,125.06990051,169.80000305,0.68397117,1.51499999
2021-12-31,446.89892578,387.03097534,125.31513977,170.96000671,0.68304145,1.51199996
2022-01-03,449.48641968,390.75683594,122.02559662,168.33000183,0.68406940,1.62800002
2022-01-04,449.33587646,385.68850708,121.51818848,169.57000732,0.67896956,1.66799998
2022-01-05,440.70773315,373.83969116,120.85855865,169.05999756,0.68136132,1.70500004
2022-01-06,440.29370117,373.57702637,121.17145538,166.99000549,0.67932016,1.73300004
2022-01-07,438.55297852,369.53021240,120.30046844,167.75000000,0.67404068,1.77100003
2022-01-10,438.00726318,369.77340698,120.59640503,168.25999451,0.67759860,1.77999997
2022-01-11,441.99676514,375.32806396,121.39984131,170.28999329,0.67664951,1.74600005
2022-01-12,443.19168091,376.81652832,120.93473053,170.74000549,0.67838001,1.72500002
2022-01-13,437.08514404,367.38998413,122.00864410,170.16000366,0.68469232,1.71099997
2022-01-14,437.26385498,369.67602539,120.16521454,169.66999817,0.68619108,1.77199996
2022-01-18,429.52023315,360.47326660,118.47390747,169.38999939,0.67979991,1.86500001
2022-01-19,425.06021118,356.51397705,119.29417419,172.08000183,0.67717189,1.82700002
2022-01-20,420.35559082,351.88345337,120.02989960,171.64999390,0.67803001,1.83299994
2022-01-21,412.10375977,342.12619019,121.45904541,171.08999634,0.67507815,1.74699998
2022-01-24,413.85388184,343.69238281,120.46112823,172.02999878,0.67225987,1.73500001
2022-01-25,408.80111694,335.72512817,120.26663208,172.58000183,0.67046148,1.78299999
2022-01-26,407.77554321,335.19982910,118.81217194,169.78999329,0.66908878,1.84800005
2022-01-27,405.76196289,331.82415771,120.99391937,167.60000610,0.66605836,1.80700004
2022-01-28,415.83917236,342.23318481,121.03614044,167.10000610,0.65844053,1.78199995
2022-01-31,423.32888794,353.17727661,120.41042328,168.08999634,0.65519208,1.78199995
2022-02-01,426.18936157,355.58010864,120.01071930,168.22999573,0.65779948,1.79999995
2022-02-02,430.32934570,358.46932983,120.41714478,168.83999634,0.66372859,1.76600003
2022-02-03,420.21444702,343.93563843,119.47717285,168.60000610,0.66118985,1.82700002
2022-02-04,422.19042969,348.27429199,117.71579742,168.86000061,0.66664004,1.92999995
2022-02-07,420.83547974,345.47268677,117.79203033,170.11000061,0.66198862,1.91600001
2022-02-08,424.29803467,349.35418701,117.00453949,170.63000488,0.66379023,1.95400000
2022-02-09,430.50814819,356.75726318,117.22465515,171.21000671,0.66495019,1.92900002
2022-02-10,422.77371216,348.68289185,115.36172485,170.55999756,0.66793132,2.03099990
2022-02-11,414.43722534,337.62219238,117.07226562,173.80999756,0.66671109,1.95500004
2022-02-14,413.08230591,338.04046631,115.61573792,174.74000549,0.66466820,1.99600005
2022-02-15,419.74404907,346.44546509,114.30314636,173.08000183,0.66180027,2.04500008
2022-02-16,420.21444702,346.35791016,114.98061371,174.86000061,0.66408122,2.04699993
2022-02-17,411.23809814,336.05587769,115.83589935,177.25000000,0.66810977,1.97200000
2022-02-18,408.57525635,332.22308350,117.05527496,177.11999512,0.66910219,1.93200004
2022-02-22,404.19061279,328.88635254,117.36018372,177.49000549,0.66959953,1.94799995
2022-02-23,397.02084351,320.46185303,115.74275208,178.28999329,0.67418158,1.97700000
2022-02-24,402.99563599,331.23074341,115.81893158,177.13999939,0.67708015,1.96899998
2022-02-25,411.88729858,336.36718750,115.90366364,176.55000305,0.66878897,1.98599994
2022-02-28,410.83343506,337.36917114,118.44408417,178.38000488,0.66932166,1.83899999
2022-03-01,404.57647705,332.20364380,119.81353760,181.61999512,0.67691976,1.70700002
2022-03-02,412.01898193,337.77780151,115.71797943,179.72999573,0.67675024,1.86500001
2022-03-03,409.96786499,332.95266724,116.89658356,180.80000305,0.67830181,1.84399998
2022-03-04,406.63702393,328.12756348,118.91470337,183.67999268,0.68097162,1.72399998
2022-03-07,394.64968872,316.02578735,118.00737000,186.41000366,0.68745059,1.75100005
2022-03-08,391.65762329,314.55691528,116.82027435,191.50999451,0.68382144,1.87199998
2022-03-09,402.15823364,325.88034058,115.67557526,185.82000732,0.68042946,1.94799995
2022-03-10,400.34225464,322.26144409,114.01361847,186.39999390,0.68384016,2.01099992
2022-03-11,395.25192261,315.57824707,114.39518738,185.08999634,0.68744117,2.00399995
2022-03-14,392.36328125,309.51776123,111.72418213,182.30000305,0.68126851,2.14000010
2022-03-15,400.99154663,319.22628784,111.52919006,178.88999939,0.67490047,2.16000009
2022-03-16,409.88317871,331.06536865,112.62302399,180.00999451,0.67621940,2.18799996
2022-03-17,415.01123047,335.07336426,111.78353882,180.88999939,0.68306947,2.19199991
2022-03-18,419.55673218,341.93173218,113.14875793,179.30000305,0.68923217,2.14800000
2022-03-21,419.43402100,340.98101807,110.52864838,180.66999817,0.68986923,2.31500006
2022-03-22,424.34191895,347.68212891,109.11254120,179.36000061,0.68797082,2.37299991
2022-03-23,418.87722778,342.68551636,111.50373077,181.80999756,0.69643217,2.32100010
2022-03-24,425.19146729,350.30227661,110.63034821,183.13000488,0.69763225,2.34100008
2022-03-25,427.26785278,350.01013184,109.09559631,182.38000488,0.69654858,2.49200010
2022-03-28,430.30706787,355.42562866,110.02831268,179.05999756,0.69574898,2.47700000
2022-03-29,435.63031006,361.54235840,110.85931396,179.13999939,0.69077951,2.40000010
2022-03-30,432.94042969,357.54895020,111.72418213,180.58000183,0.69431907,2.35800004
2022-03-31,426.27694702,353.11715698,111.99549103,180.64999390,0.69706815,2.32699990
2022-04-01,427.48498535,352.44509888,112.42187500,179.50000000,0.69340003,2.37700009
2022-04-04,431.14706421,359.70147705,111.64058685,180.36999512,0.69076997,2.41199994
2022-04-05,425.70114136,351.71463013,109.11833954,179.24000549,0.69484979,2.55599999
2022-04-06,421.44442749,344.07846069,108.23511505,179.66000366,0.69476771,2.60899997
2022-04-07,423.56808472,344.89660645,107.41986084,180.33999634,0.69115192,2.65199995
2022-04-08,422.43542480,340.07519531,106.25640869,181.47000122,0.68849182,2.71300006
2022-04-11,415.21505737,332.02990723,104.57491302,182.36999512,0.68354100,2.77999997
2022-04-12,413.67663574,330.62731934,104.43054962,183.77000427,0.68177944,2.72499990
2022-04-13,418.41464233,337.34796143,104.64285278,184.64999390,0.68565005,2.68700004
2022-04-14,413.20468140,329.63375854,102.54521942,184.03999329,0.68007779,2.82800007
2022-04-18,413.37451172,329.88696289,102.03569794,184.61000061,0.67604113,2.86199999
2022-04-19,420.04745483,337.26034546,101.27136993,181.82000732,0.67363203,2.91300011
2022-04-20,419.73599243,332.34152222,103.30956268,182.71000671,0.67465913,2.83999991
2022-04-21,413.45950317,325.46505737,102.54521942,182.05999756,0.67834783,2.91700006
2022-04-22,402.11447144,316.94244385,101.89980316,180.28999329,0.67244971,2.90599990
2022-04-25,404.44586182,321.01382446,102.91888428,177.05000305,0.66251051,2.82599998
2022-04-26,392.73269653,308.89715576,103.95496368,177.32000732,0.66186154,2.77200007
2022-04-27,393.83706665,308.52703857,102.62168884,175.97999573,0.65756166,2.81800008
2022-04-28,403.78509521,319.48464966,102.77452850,176.92999268,0.65421903,2.86299992
2022-04-29,388.86294556,305.10821533,101.44122314,176.91000366,0.64930850,2.88700008
2022-05-02,391.20370483,310.20233154,99.68288422,173.63000488,0.64561945,2.99600005
2022-05-03,392.99697876,310.53350830,100.35489655,174.08999634,0.64413071,2.96000004
2022-05-04,404.96493530,321.03329468,100.90785217,175.80000305,0.64343023,2.91700006
2022-05-05,390.57131958,304.86480713,98.14313507,175.13000488,0.65510195,3.06599998
2022-05-06,388.24005127,301.21231079,96.69694519,175.41999817,0.64302891,3.12299991
2022-05-09,375.80966187,289.42669678,97.54766846,172.88000488,0.63892049,3.07900000
2022-05-10,376.67791748,292.94293213,98.43238831,171.41999817,0.63235909,2.99300003
2022-05-11,370.69396973,284.25476074,100.32939148,172.82000732,0.62899804,2.92100000
2022-05-12,370.30703735,283.58264160,100.14222717,170.16999817,0.62848020,2.81699991
2022-05-13,379.16027832,294.09219360,98.66209412,168.78999329,0.62471884,2.93499994
2022-05-16,377.62179565,290.68325806,98.55995941,170.39999390,0.62889123,2.87700009
2022-05-17,385.38967896,298.21234131,97.36901855,169.33000183,0.63114178,2.96799994
2022-05-18,369.85397339,283.57299805,99.44465637,169.41999817,0.63590980,2.88599992
2022-05-19,367.58874512,282.05349731,99.68288422,171.91000366,0.62956035,2.85500002
2022-05-20,367.74920654,281.17694092,100.81427002,172.02999878,0.63814992,2.78699994
2022-05-23,374.62982178,285.85211182,99.15544128,172.83000183,0.64214939,2.85899997
2022-05-24,371.77005005,279.77432251,101.11204529,174.13000488,0.64474946,2.75999999
2022-05-25,375.05450439,283.68984985,101.51183319,173.08000183,0.64489084,2.74900007
2022-05-26,382.54870605,291.55010986,101.05246735,172.75999451,0.64797896,2.75600004
2022-05-27,391.93994141,301.06607056,101.29917908,172.85000610,0.64823937,2.74300003
2022-05-31,389.74069214,300.26745605,99.15544128,171.13999939,0.65582800,2.84400010
2022-06-01,386.58828735,298.04672241,99.04209900,172.22999573,0.65186071,2.93099999
2022-06-02,393.95028687,306.20895386,99.09321594,174.35000610,0.64805877,2.91300011
2022-06-03,387.48495483,298.24157715,98.88016510,172.58000183,0.65603882,2.95700002
2022-06-06,388.66473389,299.23501587,97.05650330,171.82000732,0.65091032,3.03800011
2022-06-07,392.39294434,301.81607056,98.10466766,172.94000244,0.64855891,2.97199988
2022-06-08,388.12677002,299.64410400,97.23545074,172.77999878,0.64807135,3.02900004
2022-06-09,378.89599609,291.61822510,97.55928040,172.22999573,0.64437139,3.04399991
2022-06-10,367.90966797,281.33264160,96.95423889,174.53999329,0.63856959,3.15599990
2022-06-13,353.94082642,268.25177002,93.91187286,169.92999268,0.63372964,3.36599994
2022-06-14,352.87429810,268.73883057,92.72733307,168.57000732,0.62754154,3.48300004
2022-06-15,357.90496826,275.44970703,94.45730591,170.77000427,0.62268049,3.39499998
2022-06-16,346.05978394,264.33627319,95.20724487,172.69000244,0.62925929,3.30699992
2022-06-17,346.80578613,267.55050659,95.51403046,171.27000427,0.63607162,3.23900008
2022-06-21,355.53610229,274.30068970,93.89485168,170.63000488,0.63374168,3.30699992
2022-06-22,354.89151001,273.90051270,96.47698975,171.30999756,0.63178021,3.15599990
2022-06-23,358.37033081,277.97973633,97.26953888,170.25999451,0.62710077,3.06800008
2022-06-24,369.76425171,287.50430298,95.92306519,170.08999634,0.62861848,3.12500000
2022-06-27,368.35195923,285.39645386,95.10494232,169.89999390,0.63142878,3.19400001
2022-06-28,360.82550049,276.70129395,95.54808807,169.61999512,0.62940979,3.20600009
2022-06-29,360.53161621,276.95501709,97.03942108,169.49000549,0.62370968,3.09299994
2022-06-30,357.60253906,273.51992798,97.89165497,168.46000671,0.62250996,2.97199988
2022-07-01,361.38473511,275.32534790,98.89667511,168.32000732,0.62402886,2.88899994
2022-07-05,362.06723022,280.03881836,99.67369843,164.75000000,0.62156969,2.80900002
2022-07-06,363.29006958,281.83444214,98.00006866,162.13999939,0.61659127,2.91300011
2022-07-07,368.73117065,287.86541748,97.13767242,162.22999573,0.61550015,3.00799990
2022-07-08,368.42779541,288.22650146,96.06177521,162.30000305,0.61790949,3.10100007
2022-07-11,364.21905518,282.06872559,97.71829224,161.42999268,0.61860901,2.99099994
2022-07-12,360.99609375,279.33624268,98.29891968,160.83000183,0.61223114,2.95799994
2022-07-13,359.10025024,278.76046753,99.42607880,161.60000610,0.61232114,2.90400004
2022-07-14,358.22814941,279.75585938,98.61487579,159.33000183,0.61085862,2.96000004
2022-07-15,365.07214355,284.83047485,99.16990662,159.00999451,0.61303055,2.93000007
2022-07-18,362.05780029,282.41995239,98.13668060,159.16000366,0.61896890,2.96000004
2022-07-19,371.84033203,291.10537720,97.60726929,159.53999329,0.61532027,3.01900005
2022-07-20,374.21008301,295.72128296,97.86343384,158.03999329,0.62335980,3.03600001
2022-07-21,378.02078247,299.96633911,99.55416870,160.27000427,0.62252158,2.91000009
2022-07-22,374.51345825,294.70642090,101.22773743,160.66999817,0.62439901,2.78299999
2022-07-25,374.96844482,293.02780151,100.23725891,160.22999573,0.62339085,2.81999993
2022-07-26,370.53213501,287.27008057,100.31411743,160.03999329,0.62584096,2.78699994
2022-07-27,380.15356445,299.41009521,99.75054932,161.66999817,0.62413013,2.73399997
2022-07-28,384.92156982,302.33773804,100.54466248,163.63999939,0.62602901,2.68099999
2022-07-29,390.53326416,307.85140991,100.27140808,164.10000610,0.62956828,2.64199996
2022-08-01,389.37680054,307.66604614,102.68631744,165.02999878,0.62791198,2.60599995
2022-08-02,386.80801392,306.74871826,100.51351166,164.05000305,0.63317990,2.74099994
2022-08-03,392.86514282,315.10226440,102.09606171,164.44999695,0.62213039,2.74799991
2022-08-04,392.59970093,316.57577515,102.06185150,167.16999817,0.62673920,2.67600012
2022-08-05,391.93615723,313.98968506,99.63240051,165.28999329,0.62971103,2.83999991
2022-08-08,391.48117065,312.97482300,101.24063873,166.69000244,0.62397045,2.76500010
2022-08-09,389.92663574,309.43237305,100.84712219,167.19999695,0.62893873,2.79699993
2022-08-10,398.11660767,318.06893921,100.18843079,166.77999878,0.62857896,2.78600001
2022-08-11,398.11660767,316.26351929,97.85311127,166.33999634,0.64063960,2.88800001
2022-08-12,404.85632324,322.42141724,98.84540558,167.86999512,0.64342195,2.84899998
2022-08-15,406.52462769,325.02691650,98.75986481,165.71000671,0.64494908,2.79099989
2022-08-16,407.32095337,324.26574707,99.17045593,165.41999817,0.63629019,2.82399988
2022-08-17,404.42971802,320.56713867,98.13540649,164.35000610,0.63434070,2.89299989
2022-08-18,405.60513306,321.33819580,98.28080750,163.91999817,0.62760848,2.88000011
2022-08-19,400.15466309,315.07293701,96.69828033,162.72000122,0.62450039,2.98900008
2022-08-22,391.82244873,306.77801514,96.37319946,161.63999939,0.61761981,3.03699994
2022-08-23,390.87457275,306.52426147,95.84284973,162.77000427,0.61766905,3.05399990
2022-08-24,392.12576294,307.41229248,95.14138031,163.25000000,0.62072861,3.10599995
2022-08-25,397.66165161,312.84799194,96.46730042,163.75000000,0.61816925,3.02600002
2022-08-26,384.20117188,300.02481079,97.19441986,161.75999451,0.62167019,3.03500009
2022-08-29,381.66073608,297.06799316,96.39031219,161.86000061,0.61129928,3.10999990
2022-08-30,377.47094727,293.75973511,96.62982941,160.50999451,0.61607081,3.10999990
2022-08-31,374.59878540,292.05194092,95.70597839,159.27000427,0.61321855,3.13299990
2022-09-01,375.77420044,292.17874146,93.95375061,157.86999512,0.61111993,3.26500010
2022-09-02,371.81185913,288.05084229,94.48525238,159.25999451,0.60849088,3.19300008
2022-09-06,370.40896606,285.98196411,92.14498901,158.33000183,0.61054909,3.33999991
2022-09-07,377.06335449,291.75918579,93.60230255,159.94000244,0.60330003,3.26500010
2022-09-08,379.52792358,293.27172852,92.64219666,158.97999573,0.60625166,3.29200006
2022-09-09,385.42404175,299.68338013,92.84792328,159.82000732,0.60703993,3.32100010
2022-09-12,389.56643677,303.24533081,92.08496857,160.63000488,0.61129177,3.36199999
2022-09-13,372.62707520,286.61630249,92.29927063,158.53999329,0.61466974,3.42199993
2022-09-14,374.04895020,288.89004517,92.61646271,157.92999268,0.60051048,3.41199994
2022-09-15,369.80221558,284.07904053,92.55644226,154.97999573,0.60168833,3.45900011
2022-09-16,366.98107910,282.34188843,91.78493500,155.83999634,0.59577000,3.44799995
2022-09-19,369.82702637,284.54061890,91.99924469,155.96000671,0.59955996,3.49000001
2022-09-20,365.58197021,282.27249146,91.08200073,155.07000732,0.59668005,3.57100010
2022-09-21,359.20474243,277.21813965,92.60788727,155.78999329,0.59018987,3.50999999
2022-09-22,356.18746948,273.80621338,90.24189758,155.69999695,0.58294082,3.70799994
2022-09-23,350.21966553,269.34823608,90.61050415,153.00999451,0.58482951,3.69700003
2022-09-26,346.75500488,268.23367310,88.87888336,151.22999573,0.57419127,3.87800002
2022-09-27,345.86987305,268.34118652,86.53858948,151.53999329,0.56654978,3.96399999
2022-09-28,352.67535400,273.67910767,89.43608856,154.69000244,0.56313914,3.70499992
2022-09-29,345.30834961,265.78961182,88.97317505,154.66000366,0.57185012,3.74699998
2022-09-30,339.96868896,261.28271484,87.82447815,154.66999817,0.57423085,3.80399990
2022-10-03,348.94424438,267.41241455,89.21996307,158.42999268,0.56186086,3.65100002
2022-10-04,359.75686646,275.82012939,88.97077179,160.69999695,0.57196128,3.61700010
2022-10-05,358.91921997,275.67349243,88.12007141,159.80999756,0.57373005,3.75900006
2022-10-06,355.21667480,273.50314331,87.63026428,159.63000488,0.57760066,3.82599998
2022-10-07,345.30834961,263.08154297,86.77956390,157.88000488,0.56606871,3.88299990
2022-10-10,342.67181396,260.45169067,85.43051910,155.47999573,0.56067955,3.88800001
2022-10-11,340.50164795,256.87356567,85.80857849,155.16000366,0.55723965,3.93899989
2022-10-12,339.37847900,256.78561401,86.22962952,155.99000549,0.55848140,3.90199995
2022-10-13,348.33505249,262.80783081,85.40470123,154.91000366,0.56113893,3.95199990
2022-10-14,340.39697266,254.90852356,84.70009613,152.97999573,0.56391084,4.01000023
2022-10-17,349.14413452,263.32595825,84.28762817,153.41999817,0.55760008,4.01499987
2022-10-18,353.24645996,265.40835571,84.48527527,153.75000000,0.56566846,3.99799991
2022-10-19,350.74310303,264.44042969,82.94713593,151.69000244,0.56947929,4.12699986
2022-10-20,347.80206299,263.09133911,81.52930450,151.44999695,0.56627065,4.22599983
2022-10-21,356.25418091,269.26019287,80.05995941,154.14999390,0.56691915,4.21299982
2022-10-24,360.61340332,272.22238159,79.39826965,153.64999390,0.57639879,4.23400021
2022-10-25,366.37200928,277.85363770,81.70976257,154.00000000,0.57049948,4.10799980
2022-10-26,363.61166382,271.71411133,82.88698578,154.97999573,0.57431990,4.01499987
2022-10-27,361.66998291,266.76721191,83.75487518,154.74000549,0.58399957,3.93700004
2022-10-28,370.27432251,274.93051147,83.17916107,153.16000366,0.58280152,4.01000023
2022-10-31,367.59976196,271.73364258,82.58625031,151.91000366,0.58019114,4.07700014
2022-11-01,365.99114990,268.95715332,83.35805511,153.46000671,0.58251971,4.05200005
2022-11-02,356.80621338,259.73803711,82.99628448,152.38999939,0.58478850,4.05900002
2022-11-03,353.13223267,254.66409302,82.54837036,151.80999756,0.58134127,4.12400007
2022-11-04,358.21487427,258.76034546,81.16150665,156.47000122,0.57692087,4.15600014
2022-11-07,361.64138794,261.60534668,80.35175323,155.85000610,0.58942103,4.21400023
2022-11-08,363.59265137,263.51171875,81.23038483,159.44999695,0.59401822,4.12599993
2022-11-09,356.10183716,257.43084717,81.49742889,158.64999390,0.59632069,4.15100002
2022-11-10,375.67114258,276.42623901,84.63293457,163.47999573,0.58863002,3.82900000
2022-11-11,379.30706787,281.51974487,84.32286072,164.55999756,0.60177886,3.81299996
2022-11-14,376.08044434,279.05612183,84.11607361,164.91999817,0.61053044,3.86500001
2022-11-15,379.28799438,282.91781616,85.47711945,165.50000000,0.60899854,3.79900002
2022-11-16,376.39456177,279.05612183,87.34635925,165.11999512,0.61656082,3.69199991
2022-11-17,375.24282837,278.44024658,86.42467499,163.91999817,0.61502886,3.77500010
2022-11-18,376.94653320,278.44989014,85.83029175,162.78999329,0.61289155,3.81800008
2022-11-21,375.57598877,275.58547974,86.19207001,161.88000488,0.61678141,3.82500005
2022-11-22,380.63006592,279.55468750,87.41531372,162.07000732,0.60984904,3.75799990
2022-11-23,383.02862549,282.36047363,88.93993378,163.08000183,0.61564982,3.70600009
2022-11-25,382.94302368,280.50308228,88.63844299,163.22000122,0.62597024,3.69099998
2022-11-28,376.83236694,276.38711548,88.88826752,161.92999268,0.62167019,3.70300007
2022-11-29,376.18521118,274.29501343,87.84599304,162.72999573,0.61640120,3.74799991
2022-11-30,388.03524780,286.79895020,88.49202728,164.80999756,0.61969000,3.70300007
2022-12-01,387.74963379,287.15087891,91.31899261,167.83999634,0.63144070,3.52900004
2022-12-02,387.30227661,286.00708008,92.46735382,167.25999451,0.63697916,3.50600004
2022-12-05,380.33505249,281.20697021,91.17218781,164.38999939,0.64045906,3.59899998
2022-12-06,374.85256958,275.38015747,92.34650421,164.83999634,0.63225996,3.51300001
2022-12-07,374.21490479,274.25595093,94.52240753,166.33000183,0.63243908,3.40799999
2022-12-08,377.14636230,277.50167847,94.26335907,166.47000122,0.63540882,3.49099994
2022-12-09,374.32907104,275.73217773,91.81115723,167.05999756,0.63786089,3.56699991
2022-12-12,379.72589111,279.19290161,92.10472870,165.67999268,0.63932079,3.61100006
2022-12-13,382.60034180,282.19427490,92.99408722,168.50999451,0.63878173,3.50099993
2022-12-14,380.15420532,280.10220337,93.39128876,168.10000610,0.64539027,3.50300002
2022-12-15,370.85494995,270.69741821,93.75569153,165.35000610,0.64539027,3.45000005
2022-12-16,366.47659302,268.11633301,92.70837402,166.78999329,0.63430041,3.48200011
2022-12-19,363.36895752,264.34838867,91.15037537,166.32000732,0.63714969,3.58100009
2022-12-20,363.86618042,264.14270020,89.53181458,169.08000183,0.63616061,3.68400002
2022-12-21,369.30694580,267.97427368,89.75685883,168.80000305,0.63442922,3.68400002
2022-12-22,364.03833008,261.41815186,89.73955536,166.75999451,0.62895060,3.66899991
2022-12-23,366.13244629,262.00616455,88.42392731,167.25999451,0.62519926,3.75099993
2022-12-27,364.68859863,258.30191040,86.67552185,168.66999817,0.63069993,3.85999990
2022-12-28,360.15621948,254.89160156,86.16487122,167.91000366,0.62732899,3.88700008
2022-12-29,366.63912964,261.10467529,87.14291382,168.85000610,0.63183969,3.83500004
2022-12-30,365.67343140,260.94787598,86.17350006,169.63999939,0.63459027,3.87899995
2023-01-03,364.13397217,259.18389893,87.81806183,171.05999756,0.63263911,3.79299998
2023-01-04,366.94515991,260.41870117,89.02113342,172.66999817,0.62471110,3.70900011
2023-01-05,362.75701904,256.34197998,89.39331818,170.52000427,0.62851179,3.72000003
2023-01-06,371.07586670,263.41735840,91.03784180,173.71000671,0.62308013,3.56900001
2023-01-09,370.86544800,265.12252808,91.52259064,174.10000610,0.63590980,3.51699996
2023-01-10,373.46633911,267.36663818,90.00787354,174.74000549,0.63695079,3.62100005
2023-01-11,378.18981934,271.99218750,91.47062683,174.61999512,0.63719022,3.55399990
2023-01-12,379.56683350,273.46209717,93.27095795,176.63999939,0.63676828,3.44899988
2023-01-13,381.03930664,275.34368896,92.39677429,178.75999451,0.63878173,3.51099992
2023-01-17,380.34124756,275.90228271,91.79954529,177.58999634,0.63898987,3.53500009
2023-01-18,374.33645630,272.31558228,94.02396393,177.08000183,0.64328951,3.37500000
2023-01-19,371.61135864,269.64025879,93.43544006,179.88999939,0.64454997,3.39700007
2023-01-20,378.53411865,277.01943970,91.92073059,179.28999329,0.63954979,3.48399997
2023-01-23,383.07598877,283.17370605,91.48794556,179.63000488,0.64890826,3.52500010
2023-01-24,382.66479492,282.59548950,92.80355835,180.27999878,0.64902192,3.46900010
2023-01-25,382.80828857,281.96838379,93.02864075,181.11000061,0.64932954,3.46199989
2023-01-26,387.01544189,287.46597290,92.59584045,179.47000122,0.64841169,3.49300003
2023-01-27,387.90463257,290.32745361,92.36214447,179.22000122,0.64908934,3.51799989
2023-01-30,383.03778076,284.45751953,92.02458954,178.75999451,0.64921993,3.55100012
2023-01-31,388.66964722,288.72039795,92.76030731,179.41000366,0.64688909,3.52900004
2023-02-01,392.80029297,294.89419556,93.87538147,181.66999817,0.64382011,3.39700007
2023-02-02,398.51831055,305.47790527,93.99689484,177.89999390,0.65163988,3.39599991
2023-02-03,394.28250122,300.04882812,92.59109497,173.46000671,0.64771873,3.53200006
2023-02-06,391.87283325,297.51074219,91.90554810,173.82000732,0.63277119,3.63400006
2023-02-07,396.99801636,303.67480469,91.16793823,173.97999573,0.63088024,3.67400002
2023-02-08,392.65695190,298.27511597,91.60184479,174.41000366,0.63219917,3.65300012
2023-02-09,389.25292969,295.63897705,90.73403931,173.02999878,0.63146067,3.68300009
2023-02-10,390.16131592,293.69857788,89.71875763,173.36000061,0.63275123,3.74399996
2023-02-13,394.74139404,298.40249634,90.47370911,172.47999573,0.63122988,3.71700001
2023-02-14,394.55969238,300.60748291,90.26548004,172.61000061,0.63614041,3.76099992
2023-02-15,395.84100342,302.91033936,89.42372131,170.88999939,0.63354892,3.80900002
2023-02-16,390.39080811,297.22656250,88.15679169,170.75000000,0.62797898,3.84299994
2023-02-17,389.41552734,295.12936401,88.84232330,171.25999451,0.62453943,3.82800007
2023-02-21,381.60348511,288.14218140,87.11547089,170.61999512,0.62577051,3.95499992
2023-02-22,381.07748413,288.35778809,87.91379547,169.66000366,0.62161994,3.92300010
2023-02-23,383.10461426,290.87631226,88.77289581,169.57000732,0.62240148,3.87899995
2023-02-24,379.01214600,286.00582886,87.61878967,168.35000610,0.62308013,3.94899988
2023-02-27,380.30300903,288.05398560,87.86170959,169.00999451,0.61656082,3.92199993
2023-02-28,378.89746094,287.68151855,88.26091766,169.77999878,0.61642021,3.91599989
2023-03-01,377.44406128,285.36880493,87.31270599,170.75999451,0.61868936,3.99399996
2023-03-02,380.37954712,287.73052979,86.53849792,170.66000366,0.62570000,4.07299995
2023-03-03,386.47998047,293.67898560,88.63500214,172.49000549,0.62213039,3.96399999
2023-03-06,386.74768066,294.01223755,87.94776154,171.61999512,0.62095988,3.98300004
2023-03-07,380.81942749,290.40591431,88.48707581,168.61999512,0.61983985,3.97499990
2023-03-08,381.44094849,291.85629272,88.57404327,168.53999329,0.61111993,3.97600007
2023-03-09,374.40338135,286.79959106,88.79154205,170.19999695,0.61147118,3.92499995
2023-03-10,369.00094604,282.77197266,91.85363770,173.86999512,0.61012071,3.69499993
2023-03-13,368.47500610,284.86898804,92.06240845,177.86000061,0.61607993,3.51500010
2023-03-14,374.56591797,291.41528320,90.54877472,176.83000183,0.62163156,3.63800001
2023-03-15,372.22332764,292.94403076,92.29728699,178.21000671,0.62306851,3.49200010
2023-03-16,378.75399780,300.66622925,91.57524109,178.57000732,0.61645824,3.58500004
2023-03-17,374.32534790,299.24523926,92.94972992,183.77000427,0.62033969,3.39499998
2023-03-20,377.92477417,300.30734253,92.13200378,183.83999634,0.62732112,3.48099995
2023-03-21,382.88708496,304.59643555,91.34039307,180.36999512,0.62425870,3.60599995
2023-03-22,376.36019897,300.45449829,92.55825043,183.44000244,0.61929858,3.50000000
2023-03-23,377.37762451,304.01730347,92.55825043,185.74000549,0.62325096,3.40599990
2023-03-24,379.85400391,305.13623047,92.94972992,183.64999390,0.62469155,3.38000011
2023-03-27,380.56423950,303.04562378,90.76626587,181.94999695,0.62111026,3.52800012
2023-03-28,379.70999146,301.43597412,90.93153381,183.44000244,0.62035125,3.56399989
2023-03-29,385.22903442,306.93234253,90.74886322,182.52999878,0.62537128,3.56599998
2023-03-30,387.48461914,309.83755493,91.16640472,184.17999268,0.62213039,3.55100012
2023-03-31,392.94613647,314.99041748,92.53215790,183.22000122,0.62697893,3.49399996
2023-04-03,394.44345093,314.22485352,92.96732330,184.53999329,0.62249058,3.43000007
2023-04-04,392.25506592,313.16482544,93.42955780,187.97999573,0.63027066,3.33699989
2023-04-05,391.22802734,310.07315063,94.40634155,187.83000183,0.63152844,3.28699994
2023-04-06,392.75418091,312.16366577,94.65052795,186.49000549,0.63185167,3.28800011
2023-04-10,393.15722656,311.98709106,93.12432861,185.11000061,0.62550044,3.41499996
2023-04-11,393.26284790,309.98480225,93.31620026,186.27999878,0.62273866,3.43400002
2023-04-12,391.65994263,307.24639893,93.22026062,187.19000244,0.61950964,3.42100000
2023-04-13,396.86221313,313.26296997,92.48769379,189.72000122,0.62182868,3.45199990
2023-04-14,395.89285278,312.67407227,91.64173126,186.36000061,0.63035005,3.52200007
2023-04-17,397.31332397,312.93914795,90.55158997,185.52999878,0.62015122,3.59100008
2023-04-18,397.57244873,312.95874023,90.87425232,186.25000000,0.61826861,3.57200003
2023-04-19,397.50534058,312.81140137,90.78704834,185.36000061,0.62151182,3.60200000
2023-04-20,395.33612061,310.42645264,91.56325531,186.08999634,0.61619991,3.54500008
2023-04-21,395.64324951,310.75033569,91.04869843,184.25000000,0.61792856,3.56999993
2023-04-24,396.05596924,310.10260010,91.92954254,184.80999756,0.61434114,3.51500010
2023-04-25,389.76913452,304.25283813,93.28131866,185.75000000,0.61758894,3.39599991
2023-04-26,388.11810303,306.09802246,92.28709412,184.74000549,0.61474150,3.43199992
2023-04-27,395.84481812,314.42117310,91.37136841,184.75000000,0.61208874,3.52800012
2023-04-28,399.22338867,316.59027100,92.84523010,184.80000305,0.61463946,3.45199990
2023-05-01,398.82025146,316.22705078,90.16810608,183.97000122,0.61721158,3.57399988
2023-05-02,394.33789062,313.46911621,92.41510010,187.52000427,0.61648101,3.43899989
2023-05-03,391.63113403,311.41778564,92.93093872,189.11000061,0.62266117,3.40300012
2023-05-04,388.85720825,310.31854248,92.01289368,190.44000244,0.62089050,3.35100007
2023-05-05,396.05596924,316.91418457,91.70690155,187.46000671,0.62902182,3.44600010
2023-05-08,396.16152954,317.69931030,90.42165375,187.69000244,0.62992126,3.52099991
2023-05-09,394.42431641,315.68728638,90.09817505,189.02000427,0.63385814,3.52099991
2023-05-10,396.26715088,319.12246704,90.97247314,188.75000000,0.63387829,3.43899989
2023-05-11,395.57611084,320.16293335,91.93422699,187.13000488,0.63712120,3.39700007
2023-05-12,395.05770874,319.01443481,91.16481781,186.80999756,0.62942165,3.46300006
2023-05-15,396.42065430,320.74188232,90.22055817,187.21000671,0.61955947,3.50799990
2023-05-16,393.77160645,321.10507202,89.94952393,184.86999512,0.62432885,3.54900002
2023-05-17,398.55151367,324.99179077,89.68722534,184.22999573,0.62374085,3.58100009
2023-05-18,402.39083862,331.02795410,89.02275085,181.83999634,0.62460965,3.64800000
2023-05-19,401.80538940,330.28207397,88.39324188,183.63999939,0.62358135,3.69199991
2023-05-22,401.96859741,331.39114380,88.07849121,183.21000671,0.62842095,3.71900010
2023-05-23,397.45736694,327.19033813,88.33203125,183.42999268,0.62863034,3.69799995
2023-05-24,394.57781982,325.51202393,87.89487457,181.94999695,0.62501955,3.71900010
2023-05-25,397.99481201,333.43267822,87.67630005,180.19999695,0.61060870,3.81399989
2023-05-26,403.14913940,341.95202637,88.38450623,180.91999817,0.60534006,3.80999994
2023-05-30,403.30273438,343.50274658,89.26756287,182.03999329,0.60444874,3.70000005
2023-05-31,401.06631470,341.54959106,90.04569244,182.32000732,0.60467899,3.63700008
2023-06-01,404.87686157,345.49517822,90.39899445,183.75999451,0.60251129,3.60800004
2023-06-02,410.73184204,348.08636475,89.40840149,181.05000305,0.60657895,3.69099998
2023-06-05,409.94476318,348.33166504,89.24182892,182.13999939,0.60581827,3.69300008
2023-06-06,410.83740234,348.27282715,89.76779175,182.33999634,0.60706133,3.69899988
2023-06-07,409.41674805,342.36422729,88.43530273,180.14999390,0.60783994,3.78399992
2023-06-08,411.89321899,346.61410522,89.46975708,182.52999878,0.60422963,3.71399999
2023-06-09,412.63232422,347.93905640,89.34700775,182.03999329,0.60944027,3.74499989
2023-06-12,416.37567139,353.81826782,89.61000061,181.88000488,0.61306065,3.76500010
2023-06-13,419.12069702,356.53695679,88.72460175,180.53999329,0.61291033,3.83899999
2023-06-14,419.61984253,359.12814331,89.43466949,180.63999939,0.61594182,3.79600000
2023-06-15,424.82220459,363.40740967,90.29378510,181.91000366,0.61969000,3.72799993
2023-06-16,423.37512207,361.12054443,89.94313049,181.63000488,0.62353861,3.76900005
2023-06-20,421.17861938,360.60363770,90.56553650,179.75000000,0.62023968,3.72900009
2023-06-21,419.02056885,355.68933105,90.78471375,179.49000549,0.61667871,3.72300005
2023-06-22,420.53314209,359.88619995,89.68891907,177.71000671,0.62070936,3.79900002
2023-06-23,417.35391235,356.31842041,90.58308411,178.19999695,0.61828005,3.73900008
2023-06-26,415.64865112,351.54180908,90.67950439,178.50999451,0.61487001,3.71900010
2023-06-27,420.20556641,357.58624268,90.44282532,177.69000244,0.61631000,3.76799989
2023-06-28,420.41751099,358.28408813,90.82854462,177.27999878,0.61574078,3.71000004
2023-06-29,422.07455444,357.56658936,89.18924713,177.08999634,0.60743004,3.85400009
2023-06-30,427.05532837,363.08032227,90.24119568,178.27000427,0.60667831,3.81900001
2023-07-03,427.54669189,363.93539429,89.72961426,178.47000122,0.61321855,3.85800004
2023-07-05,426.91088867,363.92559814,88.87697601,177.83999634,0.61980909,3.94499993
2023-07-06,423.56784058,361.15399170,87.61995697,177.30999756,0.61769956,4.04099989
2023-07-07,422.49844360,359.95492554,87.09256744,178.63999939,0.61635184,4.05000019
2023-07-10,423.56784058,360.07287598,87.20684052,178.77999878,0.62058997,4.00600004
2023-07-11,426.26531982,361.85180664,87.65510559,179.44999695,0.62065154,3.98000002
2023-07-12,429.69500732,366.42199707,88.63082886,181.88000488,0.61995894,3.86100006
2023-07-13,433.10546875,372.64337158,89.56262207,182.00999451,0.63052100,3.76099992
2023-07-14,432.83575439,372.56466675,89.03518677,181.42999268,0.63919002,3.81900001
2023-07-17,434.33856201,376.04397583,89.07912445,181.55999756,0.63658184,3.79699993
2023-07-18,437.56604004,379.12026978,89.48348236,183.63999939,0.63211924,3.78900003
2023-07-19,438.53903198,379.03173828,90.49433136,183.66999817,0.62969911,3.74200010
2023-07-20,435.62957764,370.29443359,89.39556122,182.74000549,0.62628782,3.85400009
2023-07-21,435.62957764,369.18380737,89.42196655,182.17999268,0.62302965,3.83699989
2023-07-24,437.57568359,369.77349854,89.09673309,181.39999390,0.61690009,3.85700011
2023-07-25,438.77026367,372.27972412,88.92970276,182.41000366,0.62002051,3.91199994
2023-07-26,438.83767700,371.04132080,89.01760864,183.30000305,0.62165856,3.85100007
2023-07-27,435.92819214,370.15676880,87.28595734,180.41999817,0.62122995,4.01200008
2023-07-28,440.19610596,376.89904785,87.73423767,181.86000061,0.61874676,3.96900010
2023-07-31,441.03424072,377.09564209,87.94519806,182.35000610,0.61601007,3.95900011
2023-08-01,439.77221680,376.22088623,86.50405884,180.46000671,0.62048984,4.05100012
2023-08-02,433.65463257,367.96508789,85.57854462,179.60000610,0.61414874,4.07800007
2023-08-03,432.41186523,367.37536621,83.60413361,179.53999329,0.60863012,4.18900013
2023-08-04,430.45608521,365.65536499,85.08494568,180.19000244,0.60823917,4.05999994
2023-08-07,434.21334839,368.75131226,84.24759674,179.77999878,0.61000901,4.07800007
2023-08-08,432.32510376,365.61602783,85.22598267,178.63999939,0.61065716,4.02600002
2023-08-09,429.43490601,361.59628296,85.66670990,177.78999329,0.60566783,4.01200008
2023-08-10,429.58908081,362.26461792,84.25639343,177.60000610,0.60620755,4.07999992
2023-08-11,429.33859253,359.95492554,84.06249237,177.60000610,0.60133380,4.16800022
2023-08-14,431.70852661,363.99438477,83.87739563,177.05999756,0.59845841,4.18400002
2023-08-15,426.67962646,360.13180542,83.36614227,176.58999634,0.59747863,4.22100019
2023-08-16,423.54858398,356.31842041,82.71389008,175.57000732,0.59573805,4.25799990
2023-08-17,420.32116699,352.42639160,82.36132812,175.30000305,0.59313041,4.30800009
2023-08-18,420.52343750,351.98410034,82.65217590,175.33000183,0.59258908,4.25099993
2023-08-21,423.25958252,357.65502930,81.55037689,175.80999756,0.59268039,4.34200001
2023-08-22,422.11309814,357.14401245,82.17623138,176.10000610,0.59296858,4.32800007
2023-08-23,426.81445312,362.77560425,84.21230316,177.88999939,0.59406763,4.19799995
2023-08-24,420.89923096,355.02105713,83.65702057,177.85000610,0.59742868,4.23500013
2023-08-25,423.86642456,357.77297974,83.93025970,177.61999512,0.59195769,4.23899984
2023-08-28,426.55438232,360.46597290,84.01840973,178.13000488,0.59108639,4.21199989
2023-08-29,432.72012329,368.33847046,84.89102173,179.86999512,0.59074771,4.12200022
2023-08-30,434.50238037,370.39260864,84.80287170,180.32000732,0.59674770,4.11800003
2023-08-31,433.86654663,371.50326538,85.18191528,180.02000427,0.59529835,4.09299994
2023-09-01,434.67584229,371.11013794,83.85490417,180.11000061,0.59769648,4.17299986
2023-09-05,432.79718018,371.58187866,82.67908478,178.63999939,0.59373963,4.26800013
2023-09-06,429.88766479,368.30905151,82.88240051,177.83000183,0.58841872,4.28999996
2023-09-07,428.56787109,365.67504883,83.11227417,178.02000427,0.58709908,4.26000023
2023-09-08,429.21331787,366.18609619,83.43054199,178.08000183,0.58820003,4.25799990
2023-09-11,432.03610229,370.50076294,82.82942200,178.41000366,0.59014112,4.28800011
2023-09-12,429.66607666,366.39251709,83.30678558,177.49000549,0.59168100,4.26399994
2023-09-13,430.16705322,367.78811646,83.28909302,177.08000183,0.59098858,4.24900007
2023-09-14,433.87612915,370.79559326,82.68791962,177.16999817,0.59203124,4.28800011
2023-09-15,428.64871216,364.44647217,82.18398285,178.33999634,0.59060013,4.32200003
2023-09-18,428.90014648,364.82644653,82.65256500,179.38999939,0.59053838,4.31899977
2023-09-19,428.01062012,364.04876709,82.04255676,179.22000122,0.59213996,4.36499977
2023-09-20,424.07577515,358.80273438,82.29893494,179.35000610,0.59514952,4.34899998
2023-09-21,417.06649780,352.22784424,80.18597412,178.05000305,0.59252942,4.48000002
2023-09-22,416.12869263,352.27703857,80.83133698,178.61999512,0.59317964,4.43800020
2023-09-25,417.87860107,353.95028687,78.84215546,177.69999695,0.59571004,4.54199982
2023-09-26,411.73944092,348.63525391,78.56813049,176.27999878,0.59672993,4.55800009
2023-09-27,411.90374756,349.45227051,78.16144562,174.10000610,0.59477079,4.62599993
2023-09-28,414.29183960,352.37551880,78.40013885,173.22999573,0.59162146,4.59700012
2023-09-29,413.28634644,352.63140869,78.40898895,171.44999695,0.59643984,4.57299995
2023-10-02,413.12197876,355.57427979,77.09638977,169.64999390,0.59958869,4.68300009
2023-10-03,407.59185791,349.33416748,75.43793488,169.16000366,0.59419119,4.80200005
2023-10-04,410.55993652,354.08810425,76.50218964,169.13999939,0.59134853,4.73500013
2023-10-05,410.40530396,353.04479980,76.12085724,168.83000183,0.59187007,4.71700001
2023-10-06,415.27789307,358.96023560,75.19850159,169.69999695,0.59664094,4.78399992
2023-10-09,417.93664551,360.79092407,76.96336365,172.82000732,0.59727877,4.79699993
2023-10-10,420.11190796,362.78900146,76.85695648,172.52999878,0.60311085,4.65500021
2023-10-11,421.83273315,365.37759399,78.46218872,173.78999329,0.60418946,4.59499979
2023-10-12,419.26113892,364.10787964,76.33370209,173.25999451,0.60194910,4.71199989
2023-10-13,417.17288208,359.53109741,77.69944763,178.83000183,0.59216100,4.62900019
2023-10-16,421.56204224,363.59613037,76.44897461,177.96000671,0.59066045,4.71199989
2023-10-17,421.54272461,362.40512085,75.60645294,178.28999329,0.59015155,4.84700012
2023-10-18,415.92565918,357.65106201,74.94129181,180.86999512,0.58948016,4.90399981
2023-10-19,412.27120972,354.30462646,73.40696716,183.08999634,0.58539099,4.98799992
2023-10-20,407.20510864,349.01913452,73.82382202,183.58999634,0.58429986,4.92399979
2023-10-23,406.49942017,350.07226562,74.71069336,182.97000122,0.58293062,4.83799982
2023-10-24,409.56411743,353.47784424,75.69512177,182.94999695,0.58511013,4.84000015
2023-10-25,403.68603516,344.82623291,74.01006317,183.72000122,0.58469963,4.95300007
2023-10-26,398.85205078,338.25134277,75.14526367,184.00999451,0.57921994,4.84499979
2023-10-27,397.04409790,339.87539673,74.82597351,186.14999390,0.58288985,4.84499979
2023-10-30,401.79110718,343.70413208,74.48899078,185.10000610,0.58084154,4.87500000
2023-10-31,404.31442261,345.34790039,74.12533569,184.08999634,0.58403027,4.87500000
2023-11-01,408.62634277,351.34194946,75.73255920,183.50999451,0.58074033,4.78900003
2023-11-02,416.45739746,357.72003174,77.45902252,184.11999512,0.58797938,4.66900015
2023-11-03,420.25692749,361.92282104,77.98407745,184.78999329,0.58958089,4.55800009
2023-11-06,421.22369385,363.39916992,77.22763062,183.35000610,0.59961027,4.66200018
2023-11-07,422.42251587,366.83428955,78.36673737,182.58999634,0.59630007,4.57100010
2023-11-08,422.73190308,367.07055664,79.70159912,180.77000427,0.59360003,4.52299976
2023-11-09,419.43515015,364.24572754,77.86838531,181.49000549,0.59120172,4.63000011
2023-11-10,425.98031616,372.43475342,78.30444336,179.50999451,0.58892989,4.62799978
2023-11-13,425.57431030,371.27334595,78.12644196,180.50999451,0.58942103,4.63199997
2023-11-14,433.83078003,379.26553345,79.89739227,182.11999512,0.58829069,4.44099998
2023-11-15,434.74917603,379.55096436,78.77608490,181.63999939,0.60044914,4.53499985
2023-11-16,435.28094482,379.87573242,79.75499725,183.69000244,0.60288906,4.44500017
2023-11-17,435.82229614,379.96435547,80.12878418,183.66999817,0.59653056,4.44099998
2023-11-20,439.17715454,384.59036255,80.61822510,183.36999512,0.59962106,4.42199993
2023-11-21,438.22000122,382.35607910,80.58264923,185.35000610,0.60398000,4.41800022
2023-11-22,439.91186523,383.92108154,80.86743164,184.55999756,0.60541850,4.41599989
2023-11-24,440.18258667,383.37969971,79.91521454,185.52000427,0.60488015,4.47200012
2023-11-27,439.38986206,383.04513550,81.25009918,186.77000427,0.60775012,4.38899994
2023-11-28,439.82489014,384.04901123,81.41027069,189.25999451,0.61039996,4.33599997
2023-11-29,439.51553345,383.67504883,82.43368530,189.53999329,0.61460173,4.27099991
2023-11-30,441.24603271,382.71044922,81.48145294,188.75000000,0.61558920,4.35200024
2023-12-01,443.85641479,383.80297852,83.01609039,192.00999451,0.61576730,4.22599983
2023-12-04,441.52642822,380.23999023,82.68578339,187.86000061,0.62153882,4.28800011
2023-12-05,441.43948364,381.19464111,84.46233368,187.14999390,0.61650002,4.17100000
2023-12-06,439.66055298,378.98989868,85.58718872,187.83999634,0.61339909,4.12099981
2023-12-07,443.01531982,384.28521729,85.09618378,188.14999390,0.61405069,4.12900019
2023-12-08,444.91992188,385.99786377,84.39983368,185.63999939,0.61615813,4.24499989
2023-12-11,446.65048218,389.29510498,84.22127533,183.58999634,0.61247116,4.23899984
2023-12-12,448.69046021,392.39553833,84.47126770,183.49000549,0.61229116,4.20599985
2023-12-13,454.87786865,397.38580322,86.45316315,187.63000488,0.61374921,4.03299999
2023-12-14,456.33782959,397.04132080,88.70205688,188.72999573,0.61908001,3.93000007
2023-12-15,455.58642578,398.96063232,88.80056763,187.00000000,0.62132984,3.92799997
2023-12-18,458.14913940,401.47348022,88.09303284,187.85000610,0.62099075,3.95400000
2023-12-19,460.93502808,403.52487183,88.56769562,189.13000488,0.62138045,3.92199993
2023-12-20,454.54782104,397.52856445,89.16777039,188.10000610,0.62704182,3.87700009
2023-12-21,458.85775757,402.15399170,88.60350800,189.42999268,0.62539870,3.89400005
2023-12-22,459.77990723,402.75564575,88.20051575,190.27000427,0.62946922,3.90100002
2023-12-26,461.72137451,405.22116089,88.45126343,191.72000122,0.63060015,3.88599992
2023-12-27,462.55618286,406.04614258,90.01860046,192.58999634,0.63285130,3.78900003
2023-12-28,462.73086548,405.84875488,89.36479950,191.47000122,0.63494885,3.84999990
2023-12-29,461.39129639,404.09231567,88.55875397,191.16999817,0.63348877,3.86599994
2024-01-02,458.80920410,397.25415039,88.04822540,190.72000122,0.63152844,3.94600010
2024-01-03,455.06228638,393.05065918,88.41544342,189.13000488,0.62500000,3.90700006
2024-01-04,453.59646606,391.02780151,87.07202911,189.32000732,0.62512892,3.99099994
2024-01-05,454.21774292,391.49157715,86.23909760,189.35000610,0.62312984,4.04199982
2024-01-08,460.70211792,399.58288574,87.08994293,187.86999512,0.62487894,4.00199986
2024-01-09,460.00320435,400.37231445,86.53466034,187.92999268,0.62517977,4.01900005
2024-01-10,462.60470581,403.08584595,86.13160706,187.50000000,0.62383032,4.03000021
2024-01-11,462.40087891,403.92459106,86.61526489,187.86999512,0.62295979,3.97700000
2024-01-12,462.72116089,404.13183594,86.44509125,189.71000671,0.62423146,3.95000005
2024-01-16,461.02243042,404.09231567,84.92253876,187.91000366,0.61906856,4.06599998
2024-01-17,458.45980835,401.81292725,84.78820038,185.83999634,0.61408842,4.10599995
2024-01-18,462.53677368,407.51632690,84.00003052,187.36999512,0.61134034,4.14400005
2024-01-19,468.30282593,415.59780884,84.26875305,187.92999268,0.61202508,4.14599991
2024-01-22,469.29293823,416.14053345,84.77027130,187.22000122,0.61183035,4.09399986
2024-01-23,470.66165161,417.86730957,84.09857178,187.94999695,0.60738951,4.14200020
2024-01-24,471.17620850,420.18615723,83.60597229,186.39999390,0.61034042,4.17799997
2024-01-25,473.73883057,420.69924927,84.15234375,187.13999939,0.61085862,4.13199997
2024-01-26,473.13696289,418.19293213,83.99109650,187.00999451,0.61088848,4.15999985
2024-01-29,476.88394165,422.47543335,84.95836639,188.33000183,0.60928982,4.09100008
2024-01-30,476.51510620,419.66323853,85.72858429,188.58999634,0.61348188,4.05900002
2024-01-31,468.73968506,411.44363403,86.57048798,188.44999695,0.61318094,3.96700001
2024-02-01,474.87466431,416.28857422,88.26864624,190.41000366,0.61119092,3.86299992
2024-02-02,479.87374878,423.32403564,86.31887817,188.61000061,0.61457145,4.03299999
2024-02-05,478.12649536,422.77148438,84.57581329,187.57000732,0.60645020,4.16400003
2024-02-06,479.51458740,421.92282104,85.40243530,188.55000305,0.60530853,4.09000015
2024-02-07,483.51397705,426.26458740,84.98910522,188.50000000,0.60997927,4.11000013
2024-02-08,483.72750854,427.05392456,84.49494934,188.33000183,0.61095941,4.17000008
2024-02-09,486.52313232,431.25744629,84.32424164,187.60000610,0.61079144,4.18699980
2024-02-12,486.30960083,429.57009888,84.42308044,187.11000061,0.61477172,4.17199993
2024-02-13,479.61166382,422.87014771,82.97647095,184.52999878,0.61279017,4.31599998
2024-02-14,483.97021484,427.47824097,83.39877319,184.41999817,0.60578156,4.26700020
2024-02-15,487.30947876,428.75112915,83.83005524,185.66000366,0.60906160,4.23999977
2024-02-16,484.88269043,424.86334229,83.34485626,186.33999634,0.61111993,4.29500008
2024-02-20,482.21319580,421.65643311,83.41675568,187.47000122,0.61425817,4.27500010
2024-02-21,482.65002441,419.96905518,82.82373810,187.47999573,0.61681944,4.32499981
2024-02-22,492.63870239,432.26400757,83.22806549,187.55999756,0.61803168,4.32700014
2024-02-23,492.97842407,430.99111938,84.34220123,188.61999512,0.61952877,4.26000023
2024-02-26,491.17291260,430.76406860,84.09062195,188.19999695,0.61868936,4.29899979
2024-02-27,492.08535767,431.80020142,83.49760437,188.00000000,0.61670911,4.31500006
2024-02-28,491.43502808,429.50106812,84.02770996,188.33999634,0.61702877,4.27400017
2024-02-29,493.20169067,433.18167114,84.62074280,189.30999756,0.60971004,4.25199986
2024-03-01,497.83197021,439.70397949,85.14802551,192.88999939,0.60857975,4.17999983
2024-03-04,497.29809570,438.13507080,84.80550385,196.00999451,0.61038136,4.21899986
2024-03-05,492.32809448,430.27069092,86.01328278,197.19000244,0.60965943,4.13700008
2024-03-06,494.82281494,432.97442627,86.51799011,198.80999756,0.60877985,4.10400009
2024-03-07,499.73461914,439.54617310,86.43690491,199.94000244,0.61279017,4.09200001
2024-03-08,496.73510742,433.20138550,86.28366852,201.63000488,0.61787891,4.08900023
2024-03-11,496.30798340,431.59295654,86.23860931,202.00000000,0.61794001,4.10400009
2024-03-12,501.64691162,437.77984619,85.51753998,199.78999329,0.61707824,4.15500021
2024-03-13,500.86065674,434.41503906,85.10294342,201.19000244,0.61496079,4.19199991
2024-03-14,499.87057495,433.31982422,83.79603577,200.35000610,0.61650002,4.29799986
2024-03-15,496.43811035,428.16894531,83.76896667,199.71000671,0.61247867,4.30399990
2024-03-18,499.38851929,432.25259399,83.51660156,200.02999878,0.60869831,4.34000015
2024-03-19,502.16372681,433.32958984,83.75094604,199.80000305,0.60826880,4.29699993
2024-03-20,506.80841064,438.46740723,83.72390747,202.17999268,0.60489845,4.27299976
2024-03-21,508.48318481,440.54235840,83.90416718,201.97000122,0.60896146,4.27099991
2024-03-22,507.51919556,441.04623413,84.70638275,200.35000610,0.60463881,4.21799994
2024-03-25,506.11709595,439.44558716,84.28273010,200.99000549,0.59902120,4.25299978
2024-03-26,505.18225098,438.02279663,84.51705933,201.63999939,0.60016084,4.23400021
2024-03-27,509.42770386,439.51473999,85.35530853,203.10000610,0.60075939,4.19600010
2024-03-28,509.33038330,438.70452881,85.28321838,205.72000122,0.59925091,4.20599985
2024-04-01,508.44421387,439.63330078,83.69344330,207.82000732,0.59865898,4.32900000
2024-04-02,505.21151733,435.83920288,83.23224640,210.88999939,0.59524161,4.36499977
2024-04-03,505.76647949,436.81735229,83.21414948,212.74000549,0.59694010,4.35500002
2024-04-04,499.59301758,430.13812256,83.81098938,211.52000427,0.60147119,4.30900002
2024-04-05,504.81219482,435.20684814,82.64443970,215.13999939,0.60278004,4.37799978
2024-04-08,505.09460449,435.33532715,82.63539124,216.47999573,0.60044914,4.42399979
2024-04-09,505.67883301,436.94583130,83.40406036,217.66999817,0.60343838,4.36600018
2024-04-10,500.61544800,433.13192749,81.58641052,215.61000061,0.60679245,4.55999994
2024-04-11,504.39358521,440.04830933,81.21562958,219.80000305,0.59746075,4.57600021
2024-04-12,497.43136597,433.03308105,81.64971161,216.88999939,0.60012126,4.49900007
2024-04-15,491.19949341,425.90933228,80.38368988,220.94999695,0.59455860,4.62799978
2024-04-16,490.30361938,425.94882202,79.85015106,221.22000122,0.59028041,4.65899992
2024-04-17,487.40185547,420.75164795,80.73635864,219.58999634,0.58920920,4.58500004
2024-04-18,486.39895630,418.35073853,80.32942200,220.33999634,0.59129959,4.64699984
2024-04-19,482.15347290,409.69534302,80.61878967,221.02999878,0.59035015,4.61499977
2024-04-22,486.59368896,413.81552124,80.48316193,215.57000732,0.59002972,4.62300014
2024-04-23,492.36791992,419.99090576,80.51028442,215.03999329,0.59211999,4.59800005
2024-04-24,492.13421631,421.41372681,79.94058228,214.63999939,0.59369022,4.65199995
2024-04-25,490.26467896,419.37829590,79.37989807,215.91999817,0.59359157,4.70599985
2024-04-26,494.90939331,425.85003662,79.79589081,216.61999512,0.59584105,4.66900015
2024-04-29,496.66204834,427.57907104,80.46506500,216.17999268,0.59477079,4.61399984
2024-04-30,488.79431152,419.51657104,79.77777100,211.86999512,0.59716111,4.68599987
2024-05-01,487.20715332,416.48324585,80.36582947,213.78999329,0.58795172,4.59499979
2024-05-02,491.76422119,421.79901123,80.71069336,213.13000488,0.59301078,4.57100010
2024-05-03,497.85983276,430.27648926,81.52738953,212.96000671,0.59638828,4.50000000
2024-05-06,503.00115967,434.98947144,81.84503174,215.19999695,0.60075939,4.48899984
2024-05-07,503.55618286,435.05865479,82.34412384,214.21000671,0.60095072,4.46299982
2024-05-08,503.60476685,434.80172729,81.84503174,213.58000183,0.59971994,4.49200010
2024-05-09,506.50653076,435.75027466,82.24430084,216.94999695,0.60042030,4.44899988
2024-05-10,507.15890503,436.77783203,81.78149414,218.71000671,0.60362053,4.50400019
2024-05-13,507.22711182,437.78561401,81.99022675,216.25999451,0.60185128,4.48099995
2024-05-14,509.55429077,440.60159302,82.45302582,218.08999634,0.60234070,4.44500017
2024-05-15,515.86419678,447.48834229,83.57826996,220.88999939,0.60432822,4.35599995
2024-05-16,514.80267334,446.57934570,83.49662018,220.02999878,0.61306065,4.37699986
2024-05-17,515.54278564,446.36193848,82.93398285,223.66000366,0.61242014,4.42000008
2024-05-20,516.13671875,449.47433472,82.68898010,224.55999756,0.61367011,4.43699980
2024-05-21,517.40258789,450.35360718,83.11549377,224.22999573,0.61081016,4.41400003
2024-05-22,515.91278076,450.26477051,83.21530151,220.11000061,0.60938078,4.43400002
2024-05-23,512.14453125,448.23928833,82.67988586,215.72000122,0.61000901,4.47499990
2024-05-24,515.53308105,452.47799683,82.92490387,215.91999817,0.60973006,4.46700001
2024-05-28,515.89324951,454.18728638,81.73615265,218.19000244,0.61522943,4.54199982
2024-05-29,512.28070068,450.98605347,80.74697876,216.16000366,0.61406958,4.62400007
2024-05-30,508.88247681,446.15444946,81.52738953,216.57000732,0.61135906,4.55399990
2024-05-31,513.51739502,445.32443237,82.08094025,215.30000305,0.61165071,4.51399994
2024-06-03,513.93609619,447.71554565,83.40858459,217.22000122,0.61485869,4.40199995
2024-06-04,514.51062012,448.94073486,84.38290405,215.27000427,0.61935997,4.33599997
2024-06-05,520.62573242,457.99133301,85.00206757,217.82000732,0.61747068,4.28900003
2024-06-06,520.61584473,457.83322144,84.87460327,219.42999268,0.61962861,4.28100014
2024-06-07,519.98297119,457.42816162,83.31752777,211.60000610,0.61970156,4.42999983
2024-06-10,521.58966064,459.27575684,82.76206970,213.53999329,0.61061990,4.46899986
2024-06-11,522.84576416,462.42758179,83.61801147,214.14999390,0.61283147,4.40399981
2024-06-12,527.13989258,468.48437500,84.24629974,214.72000122,0.61460173,4.29500008
2024-06-13,528.20141602,471.02371216,85.48468781,212.97000122,0.61868167,4.23799992
2024-06-14,528.52264404,473.46417236,86.20405579,215.72999573,0.61610115,4.21299982
2024-06-17,532.72912598,479.26403809,85.34811401,214.61000061,0.61374170,4.27899981
2024-06-18,534.08270264,479.41226196,86.13117981,215.47000122,0.61380005,4.21700001
2024-06-20,532.63177490,475.71697998,85.55754852,218.16000366,0.61394143,4.25400019
2024-06-21,531.91766357,474.44232178,85.55754852,214.77999878,0.61227989,4.25699997
2024-06-24,530.18859863,469.04101562,85.90354156,215.63000488,0.61111993,4.24800014
2024-06-25,532.23028564,474.40478516,86.04924774,214.55999756,0.61205131,4.23799992
2024-06-26,532.89459229,475.38442993,84.81998444,212.58000183,0.61190897,4.31599998
2024-06-27,533.73468018,476.61160278,85.15687561,214.99000549,0.60802841,4.28800011
2024-06-28,531.63427734,474.13754272,83.57247925,215.00999451,0.60846865,4.34299994
2024-07-01,532.72845459,476.91842651,82.13011932,215.57000732,0.60991973,4.47900009
2024-07-02,536.31365967,481.92587280,82.76953888,215.55999756,0.60647964,4.43599987
2024-07-03,538.70703125,485.94372559,83.85656738,217.99000549,0.60822070,4.35500002
2024-07-05,541.81347656,491.01058960,84.55081177,220.92999268,0.61134034,4.27199984
2024-07-08,542.43865967,492.17831421,84.73349762,218.19000244,0.61411101,4.26900005
2024-07-09,542.96612549,492.60391235,84.35896301,218.55999756,0.61312079,4.30000019
2024-07-10,548.33898926,497.74002075,84.62387848,219.36000061,0.61271131,4.28000021
2024-07-11,543.61083984,486.82452393,85.44602966,223.25000000,0.60879833,4.19299984
2024-07-12,547.03967285,489.68450928,85.81136322,223.11000061,0.60945880,4.18900013
2024-07-15,548.54412842,491.00070190,84.82485199,223.83000183,0.60955167,4.22900009
2024-07-16,551.79711914,491.18872070,86.02148438,228.28999329,0.60768110,4.16699982
2024-07-17,544.06024170,476.76995850,86.03977966,227.22999573,0.60690993,4.14599991
2024-07-18,539.87915039,474.51358032,85.38208008,225.77999878,0.60806167,4.18900013
2024-07-19,536.29412842,470.30770874,84.87966919,221.72999573,0.60437936,4.23899984
2024-07-22,541.82318115,477.31423950,84.63300323,221.80000305,0.60242051,4.26000023
2024-07-23,540.97332764,475.63189697,84.51427460,222.58000183,0.59785014,4.23899984
2024-07-24,528.71350098,458.57086182,83.60080719,221.80000305,0.59529126,4.28599977
2024-07-25,525.95867920,453.51382446,84.28590393,218.33000183,0.59272957,4.25600004
2024-07-26,531.84924316,458.16506958,84.94358826,220.63000488,0.58898020,4.19999981
2024-07-29,532.16186523,459.08544922,85.40032196,220.32000732,0.58890003,4.17799997
2024-07-30,529.46575928,452.78155518,85.72919464,222.52000427,0.58773053,4.14300013
2024-07-31,538.07189941,466.18099976,86.60611725,226.55000305,0.59020030,4.10900021
2024-08-01,530.45239258,454.88940430,87.35308075,225.77000427,0.59518141,3.97600007
2024-08-02,520.57617188,444.09262085,90.07513428,225.33999634,0.59361976,3.79200006
2024-08-05,505.41510010,430.85153198,90.55171967,222.47999573,0.59470004,3.78500009
2024-08-06,510.07476807,434.96832275,88.52621460,220.69999695,0.59505039,3.88800001
2024-08-07,506.66552734,430.25775146,87.90298462,220.55000305,0.59741080,3.96799994
2024-08-08,518.37823486,443.41973877,87.36225128,224.00999451,0.59860885,3.99699998
2024-08-09,520.66406250,445.73544312,88.22377777,224.55999756,0.60070157,3.94199991
2024-08-12,520.93768311,446.69534302,88.54456329,228.41000366,0.59949166,3.90899992
2024-08-13,529.50469971,457.77908325,89.15859985,228.05999756,0.60234070,3.85200000
2024-08-14,531.17529297,457.92761230,89.71768188,226.19999695,0.60792118,3.81999993
2024-08-15,540.27972412,469.49624634,88.99365234,226.91000366,0.60007077,3.92600012
2024-08-16,541.49108887,470.09991455,89.30525208,231.99000549,0.59808969,3.89199996
2024-08-19,546.66839600,476.27514648,89.71768188,231.61000061,0.60574853,3.86700010
2024-08-20,545.77947998,475.27566528,90.43256378,232.46000671,0.61177045,3.81800008
2024-08-21,547.65515137,477.49234009,90.48757172,232.14999390,0.61574078,3.77800012
2024-08-22,543.35687256,469.92175293,89.58937836,229.36999512,0.61624926,3.86199999
2024-08-23,549.13012695,475.01831055,90.17593384,232.02000427,0.61436003,3.80699992
2024-08-26,547.82122803,470.40664673,89.94680786,232.75999451,0.62240922,3.81800008
2024-08-27,548.57342529,471.81195068,89.79101562,233.38999939,0.62055141,3.83299994
2024-08-28,545.38879395,466.45809937,89.68104553,231.75000000,0.62441069,3.84100008
2024-08-29,545.43756104,465.77523804,89.38773346,232.94999695,0.62475008,3.86700010
2024-08-30,550.64422607,471.32708740,88.43455505,231.28999329,0.62633091,3.91100001
2024-09-03,539.31262207,457.01712036,89.88092804,230.28999329,0.62304908,3.84400010
2024-09-04,538.20874023,455.82955933,91.03950500,230.42999268,0.61873913,3.76799989
2024-09-05,536.89965820,456.25509644,91.55442047,232.35000610,0.61867023,3.73099995
2024-09-06,527.86370850,444.03326416,91.54522705,230.63000488,0.62244022,3.71000004
2024-09-09,533.77368164,449.74340820,91.94062805,231.60000610,0.61713159,3.69700003
2024-09-10,536.09863281,453.89984131,92.58427429,232.61999512,0.61423177,3.64599991
2024-09-11,541.59844971,463.75640869,92.51068115,232.25000000,0.61500990,3.65300012
2024-09-12,546.16052246,468.30871582,92.07855225,236.33000183,0.61321855,3.68000007
2024-09-13,549.01293945,470.40664673,92.32680511,238.67999268,0.61870086,3.65000010
2024-09-16,549.82379150,468.32846069,93.17274475,238.66000366,0.61640877,3.62100005
2024-09-17,550.04846191,468.57586670,92.72216797,237.33999634,0.61960942,3.64199996
2024-09-18,548.41711426,466.54714966,91.57282257,235.50999451,0.61939830,3.68499994
2024-09-19,557.77557373,478.34347534,91.26938629,239.16999817,0.62089050,3.74000001
2024-09-20,556.81140137,477.43301392,90.91996765,242.21000671,0.62370193,3.72799993
2024-09-23,558.20269775,478.69854736,90.72687531,242.67999268,0.62362027,3.73900008
2024-09-24,559.79998779,481.00756836,90.70846558,246.07000732,0.62671953,3.73600006
2024-09-25,558.56524658,481.45349121,89.95449829,245.72999573,0.63521910,3.78099990
2024-09-26,560.77984619,485.07067871,90.16596985,246.97999573,0.62571955,3.79099989
2024-09-27,559.96649170,482.37515259,90.63491058,245.02000427,0.63311976,3.74900007
2024-09-30,562.21038818,483.68331909,90.20275879,243.05999756,0.63498110,3.80200005
2024-10-01,557.17382812,476.94442749,90.85403442,245.61000061,0.63452983,3.74300003
2024-10-02,557.40899658,477.61834717,90.08837128,245.66000366,0.62829858,3.78500009
2024-10-03,556.38995361,477.26153564,89.23970795,245.49000549,0.62611920,3.84999990
2024-10-04,561.44610596,482.94003296,88.14196014,245.00000000,0.62172812,3.98099995
2024-10-07,556.37036133,477.76693726,87.47778320,244.16999817,0.61607844,4.02600002
2024-10-08,561.63226318,484.90222168,87.62536621,242.36999512,0.61285025,4.03299999
2024-10-09,565.52252197,488.71765137,87.12725067,241.05000305,0.61313957,4.06699991
2024-10-10,564.53277588,488.16265869,86.78594208,242.82000732,0.60709083,4.09600019
2024-10-11,567.91326904,488.92575073,86.43539429,245.47000122,0.60960001,4.07299995
2024-10-14,572.55786133,493.02853394,86.49997711,245.07000732,0.60916924,4.09800005
2024-10-15,568.10925293,486.43829346,87.55158234,245.91999817,0.60896146,4.03800011
2024-10-16,570.57855225,486.49777222,87.92057800,247.14999390,0.60563117,4.01599979
2024-10-17,570.62756348,486.83468628,86.52765656,248.63000488,0.60586965,4.09600019
2024-10-18,572.82244873,490.02581787,86.59220886,251.27000427,0.60607159,4.07299995
2024-10-21,571.88171387,490.96725464,85.07936859,251.22000122,0.60767001,4.18200016
2024-10-22,571.57800293,491.50238037,85.16239929,253.92999268,0.60232979,4.20400000
2024-10-23,566.35522461,483.97067261,84.93177032,250.86999512,0.60458028,4.24200010
2024-10-24,567.58020020,487.89511108,85.47602844,252.80000305,0.60061866,4.19999981
2024-10-25,567.38403320,490.86819458,84.99635315,253.32000732,0.60083878,4.23199987
2024-10-28,569.13818359,490.94744873,84.76573181,253.33000183,0.59790015,4.27799988
2024-10-29,570.05926514,495.66464233,84.89485931,256.08999634,0.59863001,4.27400017
2024-10-30,568.33471680,491.91864014,85.14393616,257.50000000,0.59711832,4.26599979
2024-10-31,557.19342041,479.50122070,85.28231812,253.50999451,0.59711123,4.28399992
2024-11-01,559.54516602,483.04904175,84.07997894,252.47000122,0.59715039,4.36100006
2024-11-04,558.33996582,481.64184570,85.38504028,252.83000183,0.59874147,4.30900002
2024-11-05,565.09124756,487.78610229,85.83857727,253.39999390,0.59737158,4.28900003
2024-11-06,579.14263916,501.03591919,83.48758698,245.69999695,0.60165936,4.42600012
2024-11-07,583.62054443,508.92431641,84.53350830,249.64999390,0.59388065,4.34100008
2024-11-08,586.14874268,509.51904297,85.60717773,247.96000671,0.60222822,4.30600023
2024-11-11,586.70715332,509.22171021,85.19068146,242.13999939,0.59663022,4.30800009
2024-11-12,584.88458252,508.30001831,83.91336060,240.05000305,0.59691161,4.43200016
2024-11-13,585.16882324,507.64596558,83.11737061,237.63000488,0.59232938,4.45100021
2024-11-14,581.40606689,504.11801147,83.59867096,237.00999451,0.58829069,4.41800022
2024-11-15,573.95904541,492.10693359,83.37654114,236.58999634,0.58498007,4.42799997
2024-11-18,576.31072998,495.52587891,83.52464294,241.08999634,0.58632112,4.41400003
2024-11-19,578.41754150,498.93499756,83.95038605,243.25000000,0.58907038,4.37900019
2024-11-20,578.61352539,498.64761353,83.68197632,244.61999512,0.59196121,4.40600014
2024-11-21,581.71960449,500.44137573,83.61717224,246.66000366,0.58840001,4.43200016
2024-11-22,583.52264404,501.24404907,83.66345978,249.83999634,0.58574075,4.40999985
2024-11-25,585.50201416,502.03683472,85.82933807,242.47999573,0.58621114,4.26499987
2024-11-26,588.55920410,504.73239136,85.49612427,242.94999695,0.58112842,4.30200005
2024-11-27,586.77581787,500.75845337,86.08850098,243.49000549,0.58370984,4.24200010
2024-11-29,590.42089844,505.15847778,86.97706604,245.58999634,0.58964002,4.17799997
2024-12-02,591.47912598,510.65863037,87.18603516,243.44000244,0.59065002,4.19600010
2024-12-03,591.75347900,512.22448730,86.43369293,243.92999268,0.58846027,4.22300005
2024-12-04,595.42797852,518.55706787,87.36250305,244.66999817,0.58821106,4.17999983
2024-12-05,594.44805908,517.12011719,87.53898621,242.86000061,0.58572018,4.17999983
2024-12-06,595.57507324,521.74804688,87.66899109,242.94999695,0.58822143,4.15100002
2024-12-09,592.50799561,517.68493652,86.86093903,245.36000061,0.58388025,4.19899988
2024-12-10,590.66589355,515.92095947,86.45228577,248.58999634,0.58589858,4.22100019
2024-12-11,595.23205566,525.15716553,85.63492584,250.96000671,0.58022141,4.27099991
2024-12-12,592.16516113,521.76788330,84.59470367,247.27999878,0.57942128,4.32399988
2024-12-13,592.04748535,525.76171875,83.73090363,244.28999329,0.57703072,4.39900017
2024-12-16,594.57550049,533.33300781,83.98167419,244.88000488,0.57707065,4.39699984
2024-12-17,592.12591553,530.98425293,84.18603516,243.94000244,0.57919979,4.38500023
2024-12-18,574.47845459,511.82803345,83.13331604,239.25999451,0.57581133,4.49399996
2024-12-19,574.30200195,509.54870605,81.87458038,239.60000610,0.56173146,4.57000017
2024-12-20,581.19995117,513.99835205,82.34076691,242.10000610,0.56274998,4.52400017
2024-12-23,584.68041992,519.00610352,81.58554840,240.96000671,0.56516016,4.59899998
2024-12-24,591.17907715,526.04370117,81.93052673,241.44000244,0.56465912,4.59100008
2024-12-26,591.21844482,525.68634033,81.88391113,243.07000732,0.56508988,4.57900000
2024-12-27,584.99487305,518.69836426,81.21257782,241.39999390,0.56255943,4.61899996
2024-12-30,578.31921387,511.79974365,81.86526489,240.63000488,0.56393945,4.54500008
2024-12-31,576.21527100,507.45211792,81.42704010,242.13000488,0.56397128,4.57299995
2025-01-02,574.79956055,506.45947266,81.65079498,245.41999817,0.55984145,4.57499981
2025-01-03,581.98651123,514.74774170,81.38972473,243.49000549,0.55929977,4.59600019
2025-01-06,585.33905029,520.66369629,81.02610016,243.19000244,0.56160843,4.61800003
2025-01-07,578.72235107,511.37289429,80.11232758,244.55999756,0.56391084,4.68300009
2025-01-08,579.56787109,511.46224976,80.21489716,245.86000061,0.56354856,4.69299984
2025-01-10,570.71936035,503.44198608,79.68344879,248.21000671,0.55935013,4.77600002
2025-01-13,571.60424805,501.82400513,79.65546417,245.74000549,0.55647993,4.80299997
2025-01-14,572.39068604,501.34756470,79.52492523,247.02999878,0.56041878,4.78800011
2025-01-15,582.80249023,512.88165283,80.89555359,248.88000488,0.56029940,4.65299988
2025-01-16,581.68176270,509.28848267,81.15662384,250.60000610,0.56282854,4.60599995
2025-01-17,587.52172852,517.88439941,81.29647064,249.27000427,0.56080848,4.60900021
2025-01-21,592.89959717,520.92187500,82.02378845,253.13000488,0.56817859,4.57399988
2025-01-22,596.23260498,527.58227539,81.59487152,254.42999268,0.56609112,4.59899998
2025-01-23,599.48687744,528.70391846,80.96082306,254.07000732,0.56636041,4.63800001
2025-01-24,597.73669434,525.71618652,81.32446289,255.64999390,0.56754977,4.62599993
2025-01-27,589.28167725,510.41009521,82.28485870,252.99000549,0.56922972,4.52799988
2025-01-28,594.34490967,517.95391846,82.22891998,255.17999268,0.56681949,4.55100012
2025-01-29,591.68054199,516.98120117,82.06106567,254.19999695,0.56655937,4.55499983
2025-01-30,594.85614014,519.18475342,82.36877441,258.04998779,0.56652087,4.51200008
2025-01-31,591.69036865,518.43035889,81.82795715,258.55999756,0.56364065,4.56899977
2025-02-03,587.70855713,514.28125000,82.49421692,259.94000244,0.55696034,4.54300022
2025-02-04,591.65100098,520.59429932,82.74684143,262.50000000,0.56267971,4.51300001
2025-02-05,594.04986572,522.95666504,84.11302185,264.13000488,0.56484091,4.42199993
2025-02-06,596.11462402,525.68634033,84.07559967,263.42999268,0.56892854,4.44000006
2025-02-07,590.65808105,519.05572510,83.53287506,263.89999390,0.56748855,4.48699999
2025-02-10,594.66937256,525.33886719,83.28023529,268.36999512,0.56473881,4.49300003
2025-02-11,595.12164307,524.08825684,82.74684143,267.39001465,0.56350088,4.53700018
2025-02-12,593.20434570,524.39593506,81.62398529,267.67001343,0.56593096,4.63700008
2025-02-13,599.46716309,531.93988037,82.98077393,270.30999756,0.56413990,4.52500010
2025-02-14,599.43768311,534.17321777,83.42057800,266.29000854,0.56800109,4.47200012
2025-02-18,601.19750977,535.38415527,82.43807220,270.70001221,0.57323015,4.54400015
2025-02-19,602.61334229,535.53308105,82.54098511,270.85000610,0.57051903,4.53499985
2025-02-20,600.10626221,533.25988770,82.84980011,270.98999023,0.57011896,4.50000000
2025-02-21,589.84204102,522.19238281,83.85099792,270.73999023,0.57642865,4.42000008
2025-02-24,587.15802002,516.02832031,84.09430695,272.20999146,0.57511920,4.39300013
2025-02-25,584.23791504,509.52664185,85.54471588,268.61999512,0.57265896,4.29799986
2025-02-26,584.53283691,510.75753784,86.04997253,269.02999878,0.57310861,4.24900007
2025-02-27,575.20257568,496.57308960,85.44175720,264.92999268,0.56998891,4.28499985
2025-02-28,584.17895508,504.41473389,86.48978424,263.26998901,0.56272084,4.23099995
2025-03-03,573.94415283,493.37686157,86.89341736,266.73999023,0.56051928,4.17999983
2025-03-04,567.15045166,491.88796997,85.82333374,269.05999756,0.56134045,4.21000004
2025-03-05,573.24615479,498.30026245,85.13808441,269.61999512,0.56615847,4.26499987
2025-03-06,563.07025146,484.59231567,84.85648346,268.25000000,0.57296085,4.28599977
2025-03-07,566.22619629,488.15579224,84.58428192,268.39001465,0.57366091,4.31699991
2025-03-10,551.14447021,469.23663330,85.46662903,266.04000854,0.57105982,4.21299982
2025-03-11,546.56286621,468.11499023,84.85648346,269.16000366,0.56950849,4.28800011
2025-03-12,549.46325684,473.39566040,84.34960175,270.32998657,0.57120991,4.31799984
2025-03-13,542.13861084,464.87902832,85.09115601,275.13000488,0.57370043,4.27400017
2025-03-14,553.33691406,476.11541748,84.64058685,275.23999023,0.57031077,4.30800009
2025-03-17,557.60394287,479.20239258,85.06299591,276.73001099,0.57525152,4.30600023
2025-03-18,551.57708740,471.03323364,85.14748383,279.95999146,0.58246887,4.28100014
2025-03-19,557.58428955,477.33633423,85.58866882,281.10998535,0.58185881,4.25600004
2025-03-20,555.97186279,475.71835327,85.64497375,280.75000000,0.58216023,4.23299980
2025-03-21,556.15527344,477.28665161,85.13808441,278.48999023,0.57618952,4.25199986
2025-03-24,566.11517334,487.76043701,84.26512909,277.25000000,0.57454091,4.33099985
2025-03-25,567.47595215,490.54388428,84.25572205,278.47000122,0.57267863,4.30700016
2025-03-26,560.70135498,481.51751709,83.70191193,278.23999023,0.57330906,4.33799982
2025-03-27,559.21228027,478.77386475,83.45786285,281.97000122,0.57189918,4.36899996
2025-03-28,547.95068359,466.16876221,84.61244202,284.05999756,0.57364118,4.25500011
2025-03-31,551.62896729,466.14889526,85.44785309,288.14001465,0.57071108,4.24599981
2025-04-01,553.18707275,469.90655518,86.18830109,287.57000732,0.56705093,4.15600014
2025-04-02,556.68786621,473.33615112,86.13179016,288.16000366,0.57138938,4.19600010
2025-04-03,529.25384521,447.99679565,86.52744293,286.42001343,0.57276064,4.05499983
2025-04-04,498.26968384,420.17218018,87.46949005,279.72000122,0.57866019,3.98499990
2025-04-07,497.38214111,421.18618774,84.83176422,273.70999146,0.55413944,4.15500021
2025-04-08,489.59182739,413.60125732,83.23025513,275.20001221,0.55370986,4.26200008
2025-04-09,541.00842285,463.24615479,83.72013855,285.38000488,0.55184895,4.40000010
2025-04-10,517.30187988,443.54327393,81.41210938,292.35000610,0.56372011,4.39400005
2025-04-11,526.53198242,451.71469116,81.85486603,297.92999268,0.57478863,4.49300003
2025-04-14,531.64019775,454.77648926,82.43894196,296.23001099,0.58363146,4.36399984
2025-04-15,530.15112305,455.28350830,82.73097992,297.77999878,0.58669955,4.32299995
2025-04-16,518.36688232,441.55508423,83.19256592,307.47000122,0.58954966,4.27899981
2025-04-17,519.10650635,441.47558594,82.45779419,306.11999512,0.59353870,4.33300018
2025-04-21,506.75036621,430.55047607,81.01644897,315.58999634,0.59353870,4.40500021
2025-04-22,519.93487549,441.85330200,81.46862793,311.10998535,0.60000956,4.38899994
2025-04-23,527.99145508,451.87374878,82.25995636,303.64999390,0.59606832,4.38700008
2025-04-24,539.10522461,464.58819580,83.12665558,308.07000732,0.59524161,4.30499983
2025-04-25,543.00036621,469.76739502,83.73896790,304.73001099,0.59879881,4.26599979
2025-04-28,543.20745850,469.61825562,84.26651764,309.07000732,0.59494060,4.21600008
2025-04-29,546.62927246,472.71981812,84.97305298,306.05999756,0.59720033,4.17299986
2025-04-30,546.84619141,472.66015625,84.28536987,303.76998901,0.59366912,4.17700005
2025-05-01,550.72167969,478.83343506,83.85799408,297.45999146,0.59383130,4.23099995
2025-05-02,558.89666748,485.94119263,82.95030975,297.98001099,0.59134853,4.32200003
2025-05-05,555.69177246,483.05834961,82.48699951,306.88000488,0.59520972,4.34299994
2025-05-06,551.04711914,478.56509399,82.76119232,315.48001099,0.59613943,4.30800009
2025-05-07,553.36456299,480.44387817,83.11104584,310.75000000,0.60151100,4.27500010
2025-05-08,557.22033691,485.40441895,82.18441772,304.63000488,0.59401822,4.37300014
2025-05-09,556.51025391,485.08633423,82.30735016,306.83999634,0.58991832,4.37500000
2025-05-12,574.90155029,504.84878540,81.54147339,298.19000244,0.59206980,4.45699978
2025-05-13,578.69812012,512.54315186,81.21053314,299.45999146,0.58612865,4.49900007
2025-05-14,579.43774414,515.61480713,80.67158508,293.16000366,0.59359157,4.52799988
2025-05-15,582.26788330,516.18145752,81.38072968,297.83999634,0.58964002,4.45499992
2025-05-16,585.95593262,518.42810059,81.59821320,294.23999023,0.58737153,4.44099998
2025-05-19,586.59698486,518.92510986,81.36182404,298.02999878,0.58869934,4.47499990
2025-05-20,584.62469482,517.19543457,80.77561188,303.57998657,0.59309870,4.48099995
2025-05-21,574.77331543,510.00814819,79.39514923,305.82000732,0.59274012,4.59600019
2025-05-22,575.00024414,510.96246338,79.81118011,303.10998535,0.59334856,4.55299997
2025-05-23,571.07531738,506.23062134,79.94355011,309.75000000,0.58976173,4.50899982
2025-05-27,582.94836426,518.13983154,81.05926514,304.50000000,0.59947008,4.43400002
2025-05-28,579.57580566,515.84338379,80.70941162,303.80999756,0.59481007,4.47700024
2025-05-29,581.86358643,516.85748291,81.45637512,305.60998535,0.59590846,4.42399979
2025-05-30,581.21282959,516.04223633,81.57928467,303.60000610,0.59786087,4.41599989
2025-06-02,584.48669434,520.11810303,80.82006836,311.67001343,0.59731090,4.46199989
2025-06-03,587.81976318,524.18389893,80.67770386,308.91000366,0.60478872,4.46000004
2025-06-04,587.66204834,525.64526367,81.98737335,310.89999390,0.60061139,4.36499977
2025-06-05,584.82196045,521.68865967,82.04431152,309.32998657,0.60274005,4.39400005
2025-06-06,590.82745361,526.78839111,81.00038910,305.17999268,0.60422963,4.51000023
2025-06-09,591.35998535,527.56378174,81.08580017,306.61999512,0.60242051,4.48199987
2025-06-10,594.71282959,531.05303955,81.50336456,306.70999146,0.60508877,4.47399998
2025-06-11,593.01672363,529.26361084,81.75012207,308.36999512,0.60591000,4.41200018
2025-06-12,595.37347412,530.50628662,82.72763062,312.20001221,0.60365987,4.35699987
2025-06-13,588.71710205,523.84588623,81.93045044,316.29000854,0.60652012,4.42399979
2025-06-16,594.31835938,531.13262939,81.10478973,311.77999878,0.60390013,4.45200014
2025-06-17,589.23986816,525.95336914,82.09177399,311.94000244,0.60492039,4.39300013
2025-06-18,589.15106201,525.86389160,82.23412323,310.26000977,0.60193825,4.39699984
2025-06-20,587.76739502,523.71673584,82.08226776,310.13000488,0.60008162,4.37500000
2025-06-23,593.57305908,529.10174561,82.34800720,311.07998657,0.59621048,4.32000017
2025-06-24,600.13037109,537.19281006,82.94592285,306.19000244,0.59953833,4.29300022
2025-06-25,600.46667480,538.56610107,83.05029297,307.11999512,0.60113132,4.29300022
2025-06-26,605.16461182,543.60186768,83.46787262,306.77999878,0.60559082,4.25299978
2025-06-27,608.17126465,545.46295166,82.93641663,301.22000122,0.60589904,4.28299999
2025-06-30,611.07897949,548.99597168,83.75260162,304.82998657,0.60639870,4.23000002
2025-07-01,610.88128662,544.36822510,83.96025848,307.54998779,0.60923976,4.25099993
2025-07-02,613.65063477,548.15985107,83.42681885,309.25000000,0.61007977,4.29300022
2025-07-03,618.48706055,553.55395508,82.84573364,307.14001465,0.60893923,4.34800005
2025-07-07,613.87799072,549.38409424,82.05509949,307.36999512,0.60512173,4.39499998
2025-07-08,613.54180908,549.69256592,81.95030975,304.16000366,0.60078102,4.41499996
2025-07-09,617.22100830,553.58380127,82.80763245,305.51998901,0.59935868,4.34200001
2025-07-10,618.96173096,552.78778076,82.86479187,306.20001221,0.59984046,4.34600019
2025-07-11,616.78588867,551.54364014,81.72168732,309.14001465,0.60417122,4.42299986
2025-07-14,617.96276855,553.54406738,81.55022430,308.01000977,0.60069078,4.42700005
2025-07-15,615.32202148,554.05157471,80.97868347,306.73001099,0.59718961,4.48899984
2025-07-16,617.37921143,554.61889648,81.09299469,308.26000977,0.59542948,4.45499992
2025-07-17,621.15734863,559.10723877,81.07393646,307.58999634,0.59459043,4.46299982
2025-07-18,620.70245361,558.56982422,81.19776917,308.39001465,0.59443140,4.43200016
2025-07-21,621.87939453,561.46588135,81.92173767,313.13000488,0.59528059,4.37200022
2025-07-22,621.96844482,558.55987549,82.41706848,316.10000610,0.59696144,4.33599997
2025-07-23,627.25976562,561.10760498,81.95984650,312.17999268,0.60000956,4.38800001
2025-07-24,627.46746826,562.30187988,81.81694031,310.26998901,0.60478145,4.40799999
2025-07-25,630.11810303,563.65527344,82.33134460,307.39999390,0.60371161,4.38600016
2025-07-28,629.95989990,565.41693115,81.79790497,305.41000366,0.60193098,4.42000008
2025-07-29,628.29833984,564.54101562,83.17913818,306.25000000,0.59718961,4.32999992
2025-07-30,627.50701904,565.29742432,82.75048065,300.95999146,0.59546137,4.37599993
2025-07-31,625.15313721,562.30187988,82.79810333,302.95999146,0.59076864,4.36000013
2025-08-01,614.90655518,551.22521973,83.97521210,309.10998535,0.58886921,4.21999979
2025-08-04,624.25311279,561.39617920,84.20469666,310.91000366,0.59141850,4.19999981
2025-08-05,621.08813477,557.58453369,84.46288300,311.16000366,0.59169847,4.19600010
2025-08-06,625.84552002,564.60076904,83.97521210,310.50000000,0.59092921,4.21999979
2025-08-07,625.32128906,566.51159668,83.83177185,313.11999512,0.59284908,4.24399996
2025-08-08,630.19720459,571.79608154,83.46840668,313.04998779,0.59701139,4.28499985
2025-08-11,628.95104980,570.10424805,83.56404877,308.54998779,0.59492999,4.27299976
2025-08-12,635.64685059,577.26977539,83.14330292,308.26998901,0.59404999,4.29300022
2025-08-13,637.82281494,577.55841064,83.83177185,309.20999146,0.59578067,4.23799992
2025-08-14,637.88208008,577.11059570,83.21023560,307.25000000,0.59810042,4.29300022
2025-08-15,636.38861084,574.57275391,82.61737061,307.42999268,0.59210837,4.32800007
2025-08-18,636.25018311,574.34387207,82.37832642,306.95001221,0.59285957,4.34100008
2025-08-19,632.79833984,566.55139160,82.85643768,305.26998901,0.59237844,4.30200005
2025-08-20,631.11700439,563.18762207,83.03811646,308.35998535,0.58976871,4.29600000
2025-08-21,628.58514404,560.58020020,82.62692261,307.29000854,0.58281851,4.32999992
2025-08-22,638.23815918,569.22845459,83.23892212,310.57998657,0.58223146,4.26000023
2025-08-25,635.42926025,567.58642578,82.99988556,309.82998657,0.58654124,4.27500010
2025-08-26,638.08978271,569.86535645,82.95205688,312.07998657,0.58491844,4.25799990
2025-08-27,639.54370117,570.74121094,82.85643768,312.70999146,0.58584028,4.23799992
2025-08-28,641.80853271,574.31402588,83.40148163,315.02999878,0.58611834,4.20699978
2025-08-29,637.98101807,567.66601562,82.80861664,318.07000732,0.58850878,4.22700024
2025-09-02,633.25341797,562.90893555,82.19239807,325.58999634,0.59062910,4.27699995
2025-09-03,636.68536377,567.33758545,83.09465027,328.14001465,0.58616990,4.21099997
2025-09-04,642.00640869,572.47283936,83.72817230,326.69000244,0.58811074,4.17600012
2025-09-05,640.14697266,573.29882812,85.00476837,331.04998779,0.58511013,4.08599997
2025-09-08,641.71960449,576.09539795,86.13739014,334.82000732,0.58886987,4.04600000
2025-09-09,643.20312500,577.72753906,85.64786530,334.05999756,0.59450912,4.07399988
2025-09-10,645.06250000,577.91668701,86.13739014,335.26000977,0.59259999,4.03200006
2025-09-11,650.42315674,581.28039551,86.71330261,334.76000977,0.59437835,4.01100016
2025-09-12,650.20544434,583.84808350,86.33896637,335.42001343,0.59778011,4.06099987
2025-09-15,653.66717529,588.84405518,86.54053497,338.91000366,0.59534085,4.03399992
2025-09-16,652.76715088,588.34637451,86.72290039,339.58999634,0.59691161,4.02600002
2025-09-17,651.95611572,587.17205811,86.50213623,336.97000122,0.59894013,4.07600021
2025-09-18,655.00231934,592.46655273,85.60947418,335.61999512,0.59341896,4.10400009
2025-09-19,658.24652100,596.47723389,85.44629669,339.17999268,0.58912939,4.13899994
2025-09-22,661.36065674,600.00836182,85.13914490,345.04998779,0.58513063,4.14300013
2025-09-23,657.76062012,596.02288818,85.73426819,346.45999146,0.58687997,4.11999989
2025-09-24,655.66778564,593.93054199,85.40791321,343.32000732,0.58569956,4.14699984
2025-09-25,652.64294434,591.36999512,85.40791321,344.75000000,0.58166015,4.17199993
2025-09-26,656.38195801,593.80096436,85.33112335,346.73999023,0.57631904,4.18699980
2025-09-29,658.22668457,596.55096436,86.03182220,352.45999146,0.57782090,4.14099979
2025-09-30,660.70611572,598.18505859,85.78225708,355.47000122,0.57815164,4.14799976
2025-10-01,662.95751953,601.05450439,86.00379181,356.02999878,0.57959926,4.10599995
2025-10-02,663.72106934,603.52545166,86.25421906,354.79000854,0.58218062,4.08799982
2025-10-03,663.71124268,600.98480225,86.09046936,357.64001465,0.58195025,4.11899996
2025-10-06,666.09149170,605.49829102,85.40660858,364.38000488,0.58246887,4.16200018
2025-10-07,663.62194824,602.30993652,85.89783478,366.26000977,0.58409989,4.12699986
2025-10-08,667.57916260,609.21472168,85.96526337,372.29998779,0.57977062,4.12900019
2025-10-09,665.64520264,608.47747803,85.89783478,365.42999268,0.57834893,4.14799976
2025-10-10,647.65423584,587.35455322,87.28484344,369.11999512,0.57529122,4.05100012
2025-10-13,657.59191895,599.81903076,87.23668671,378.08999634,0.57267863,4.05100012
2025-10-14,656.78857422,595.82366943,87.51599884,380.79000854,0.57174873,4.02199984
2025-10-15,659.70440674,600.02832031,87.32337189,387.39001465,0.57150006,4.04600000
2025-10-16,655.21173096,597.80645752,87.97834778,396.45001221,0.57161152,3.97600007
2025-10-17,658.93084717,601.73205566,87.84349060,388.98999023,0.57270163,4.00699997
2025-10-20,665.78405762,609.31433105,88.18060303,403.14999390,0.57318085,3.98600006
2025-10-21,665.77410889,609.15496826,88.61405182,377.23999023,0.57444853,3.96300006
2025-10-22,662.31280518,603.28637695,88.67183685,377.27999878,0.57426053,3.95300007
2025-10-23,666.24029541,608.35784912,88.06502533,378.79000854,0.57369053,3.99099994
2025-10-24,671.68518066,614.85406494,88.10355377,377.51998901,0.57551968,3.99699998
2025-10-27,679.60949707,625.80419922,88.40213776,367.01000977,0.57601994,3.99699998
2025-10-28,681.41455078,630.61651611,88.63331604,364.38000488,0.57755065,3.98300004
2025-10-29,681.74188232,633.45617676,87.73753357,363.00000000,0.57835895,4.05800009
2025-10-30,674.24395752,623.77154541,87.22704315,370.13000488,0.57642865,4.09299994
2025-10-31,676.45562744,626.78057861,86.96697235,368.11999512,0.57453102,4.10099983
2025-11-03,677.72515869,629.77960205,86.74948883,368.77999878,0.57227880,4.10599995
2025-11-04,669.69171143,616.99633789,86.94281769,362.32000732,0.57070130,4.08900023
2025-11-05,672.01251221,621.01165771,85.99548340,366.51000977,0.56424016,4.15700006
2025-11-06,664.80218506,609.44390869,86.76881409,366.07000732,0.56689984,4.09299994
2025-11-07,665.45672607,607.52087402,86.58515930,368.30999756,0.56390131,4.09299994
2025-11-10,675.84075928,620.96179199,86.56582642,378.38000488,0.56272084,4.11000013
2025-11-11,677.38787842,619.30786133,86.96215820,379.86999512,0.56437868,4.11999989
2025-11-12,677.76477051,618.81964111,87.11682129,385.98999023,0.56572926,4.06500006
2025-11-13,666.51794434,606.18579102,86.40148926,382.86999512,0.56622899,4.11199999
2025-11-14,666.40893555,606.64410400,85.90847778,375.95999146,0.56508988,4.14799976
2025-11-17,660.20025635,601.46307373,86.12113953,371.64999390,0.56763029,4.13299990
2025-11-18,654.65625000,594.13977051,86.09214783,374.35000610,0.56547976,4.12300014
2025-11-19,657.18530273,597.68682861,85.91813660,374.95999146,0.56592137,4.13299990
2025-11-20,647.16833496,583.53851318,86.25647736,374.85000610,0.56144136,4.10599995
2025-11-21,653.61486816,587.92248535,86.51748657,374.26998901,0.55918092,4.06300020
2025-11-24,663.23516846,602.95758057,87.01047516,380.20001221,0.56131840,4.03800011
2025-11-25,669.47344971,606.67407227,87.23282623,380.07998657,0.56138146,4.00199986
2025-11-26,674.09521484,612.03442383,87.61948395,383.11999512,0.56244993,3.99799991
2025-11-28,677.77471924,616.99633789,87.20381165,387.88000488,0.57310003,4.01700020
2025-12-01,674.68035889,614.92382812,86.11824799,389.75000000,0.57364118,4.09600019
2025-12-02,675.93005371,619.73626709,86.15704346,387.23999023,0.57261962,4.08599997
2025-12-03,678.27062988,621.25079346,86.39958954,386.88000488,0.57407916,4.05700016
2025-12-04,678.76654053,620.67285156,85.93392181,387.13000488,0.57742053,4.10799980
2025-12-05,680.05578613,623.20367432,85.53616333,386.44000244,0.57598042,4.13899994
2025-12-08,678.01275635,622.00799561,85.25482941,385.42001343,0.57759994,4.17199993
2025-12-09,677.42755127,622.77514648,85.34214020,387.39999390,0.57761002,4.18599987
2025-12-10,681.92041016,625.32586670,85.67198181,389.04998779,0.57795018,4.16400003
2025-12-11,683.50720215,623.30334473,85.55557251,393.23999023,0.58171999,4.14099979
2025-12-12,676.15808105,611.38677979,84.73095703,395.44000244,0.58091915,4.19399977
2025-12-15,675.13653564,608.31799316,84.78917694,395.79998779,0.58023155,4.18200016
2025-12-16,673.29187012,609.52355957,85.25482941,395.89001465,0.57860994,4.14900017
2025-12-17,665.88323975,598.22485352,85.17722321,399.29000854,0.57859993,4.15100002
2025-12-18,670.91149902,606.89318848,85.58467102,398.57000732,0.57729983,4.11600018
2025-12-19,676.99230957,614.80432129,85.26523590,399.01998901,0.57761067,4.15100002
2025-12-22,681.20983887,617.75134277,85.08020020,408.23001099,0.57548988,4.16900015
2025-12-23,684.32330322,620.64447021,85.21654510,413.64001465,0.57977062,4.16900015
2025-12-24,686.73052979,622.46026611,85.73270416,411.92999268,0.58429986,4.13600016
2025-12-26,686.66088867,622.42028809,85.45027924,416.73999023,0.58364171,4.13600016
2025-12-29,684.21386719,619.40740967,85.77165985,398.60000610,0.58261001,4.11600018
2025-12-30,683.37829590,617.97076416,85.56714630,398.89001465,0.58086985,4.13000011
2025-12-31,678.31524658,612.86285400,84.88541412,396.30999756,0.57914943,4.16300011
